StartDate,EndDate,Status,IPAddress,Progress,Duration (in seconds),Finished,RecordedDate,ResponseId,RecipientLastName,RecipientFirstName,RecipientEmail,ExternalReference,LocationLatitude,LocationLongitude,DistributionChannel,UserLanguage,consent,TimeVideo164_First Click,TimeVideo164_Last Click,TimeVideo164_Page Submit,TimeVideo164_Click Count,TimeVideo170_First Click,TimeVideo170_Last Click,TimeVideo170_Page Submit,TimeVideo170_Click Count,TimeVideo173_First Click,TimeVideo173_Last Click,TimeVideo173_Page Submit,TimeVideo173_Click Count,TimeVideo176_First Click,TimeVideo176_Last Click,TimeVideo176_Page Submit,TimeVideo176_Click Count,Q46_First Click,Q46_Last Click,Q46_Page Submit,Q46_Click Count,Q144,Q148,Q147,Q146,Q145,Q77,Q78,Q80,Q81,Q82,Q83,Q84,Lineup164,TimeLineup164_First Click,TimeLineup164_Last Click,TimeLineup164_Page Submit,TimeLineup164_Click Count,Lineup173,TimeLineup173_First Click,TimeLineup173_Last Click,TimeLineup173_Page Submit,TimeLineup173_Click Count,Lineup170,TimeLineup170_First Click,TimeLineup170_Last Click,TimeLineup170_Page Submit,TimeLineup170_Click Count,Lineup176,TimeLineup176_First Click,TimeLineup176_Last Click,TimeLineup176_Page Submit,TimeLineup176_Click Count,Q123_First Click,Q123_Last Click,Q123_Page Submit,Q123_Click Count,Q119_1,Q119_2,Q119_3,ConfOwn,ConfScale_1,Q149,Q150,Q151,Q152,Q153,Q154,Q155,Q156,Q157,Q158,Q159,Q160,Q161,Q162,Q163,Q164,Q165,Q166,Q167,Q168,Q87_First Click,Q87_Last Click,Q87_Page Submit,Q87_Click Count,Attention1,Attention2,Attention3,Attention4,Attention5,Attention6,Gender,Age,Q89,Q90,Q91,Q156 - Topics
Start Date,End Date,Response Type,IP Address,Progress,Duration (in seconds),Finished,Recorded Date,Response ID,Recipient Last Name,Recipient First Name,Recipient Email,External Data Reference,Location Latitude,Location Longitude,Distribution Channel,User Language,"​




Information: Perception of Events in a Video 

 

Rhiannon Batstone at Queen Margaret University is researching the perception of events in a video.  The study will take about 10 minutes.  

 

Everyone is welcome to participate as long as they can see a standard computer screen; it is OK if you need glasses or another aid to help you do so, though. If you agree to participate, you will watch a short video and then be asked questions regarding what you think about the video.

 

The researcher is not aware of any risks associated with this study and no personally identifying information will be collected. You are free to withdraw from the study at any stage and you do not have to give a reason. The results may be published and/or presented in academic settings (such as at conferences or in classes). 

 

If you would like to contact an independent person, who knows about this project but is not involved in it, you are welcome to contact Dr. Olivia Sagan. Her contact details are given.

 

Contact information (will also be shown at the end of the study): 

Name of researcher:  Rhiannon Batstone

Email:                         rbatstone@qmu.ac.uk 

 

Name of researcher: Jamal K. Mansour

Address: Psychology, Sociology & Education, Queen Margaret University, Edinburgh, UK EH21 6UU

Email / Telephone:      jmansour@qmu.ac.uk / 0131 474 0000

 

Independent adviser: Olivia Sagan

Address: Head of Division, Psychology, Sociology & Education. Queen Margaret University, Edinburgh, UK EH21 6UU

Email / Telephone:      osagan@qmu.ac.uk / 0131 474 0000

-------------------------------------------------------------------------------------------------------------------------------------------

 

If you have read and understood the information presented, you have no questions and you wish to consent to participate, please click the “I consent to participate” button. 

 

By clicking the “I consent to participate” button., you are indicating that you:

- understand that you are under no obligation to take part in this study

- understand that you have the right to withdraw from this study at any stage without giving any reason

- agree to participate in this study.",Timing - First Click,Timing - Last Click,Timing - Page Submit,Timing - Click Count,Timing - First Click,Timing - Last Click,Timing - Page Submit,Timing - Click Count,Timing - First Click,Timing - Last Click,Timing - Page Submit,Timing - Click Count,Timing - First Click,Timing - Last Click,Timing - Page Submit,Timing - Click Count,Timing - First Click,Timing - Last Click,Timing - Page Submit,Timing - Click Count,Does the man in the red-and-white bathing suit have a moustache?,How many open umbrellas are there?,What colour bathing suit is the man with the whistle around his neck wearing?,What colour is the inflatable mattress in the scene?,How many women are wearing red bathing suits?,How many closed umbrellas are there?,How many people are laying down?,What colour is the chair that has fallen over?,How many people are sitting in chairs?,Is Waldo in this scene?,What colour skirt is the girl with pigtails wearing?,How many handbags are there?,"Is the ""criminal"" included in any of the images above?",Timing - First Click,Timing - Last Click,Timing - Page Submit,Timing - Click Count,"Is the ""criminal"" included in any of the images above?",Timing - First Click,Timing - Last Click,Timing - Page Submit,Timing - Click Count,"Is the ""criminal"" included in any of the images above?",Timing - First Click,Timing - Last Click,Timing - Page Submit,Timing - Click Count,"Is the ""criminal"" included in any of the images above?",Timing - First Click,Timing - Last Click,Timing - Page Submit,Timing - Click Count,Timing - First Click,Timing - Last Click,Timing - Page Submit,Timing - Click Count,"Consider the decision you made in the lineup up.

Now type three reasons that explain why you may have been incorrect in your decision.

Note: The page will move on automatically after 2 minutes. - Reason 1","Consider the decision you made in the lineup up.

Now type three reasons that explain why you may have been incorrect in your decision.

Note: The page will move on automatically after 2 minutes. - Reason 2","Consider the decision you made in the lineup up.

Now type three reasons that explain why you may have been incorrect in your decision.

Note: The page will move on automatically after 2 minutes. - Reason 3",Please tell us how confident you are in the accuracy of your lineup decision using your own words.,Please tell us how confident you are in the accuracy of your lineup decision on this scale from 0% (not at all confident) to 100% (completely confident). - Condfidence %,How many dogs are in the scene?,Find the woman who has slipped on the floor. What colour is her purse?,What colour are the deserted pair of shoes on the ground?,How many vacuum cleaners are there?,How many salesmen are there?,How many children are there?,"How many people, other than Waldo, are wearing red and white striped shirts?",Find the man trying on a jacket. What colour is it?,How many cash registers are there?,Find the man in his underwear. What is he doing?,Find the stroller with an adult in it. What is the adult wearing?,Find the three children near the top left. What are they doing?,Find the man wearing boots backwards. What colour are they?,"How many people are wearing long, brown trenchcoats?",Find the girl who looks like Little Red Riding Hood. What colour is her skirt?,Find the man in high heels. What is he holding?,Find the two baby carriages. Who is pushing each?,How many skirts are hanging on the clothing rack?,How many hats are for sale?,Where is Wally?,Timing - First Click,Timing - Last Click,Timing - Page Submit,Timing - Click Count,"What reason did the ""criminal"" give for coming to the office?","What did the ""criminal"" steal from?","Were you told before the lineup that the ""criminal's"" appearance may have changed since the video?","Were you told before the lineup that the ""criminal"" may or may not be present in the lineup?","Were you told before the lineup that it
would be just as important to clear innocent persons from suspicion as it would
be to identify the guilty?","Were you told before the lineup that you
would have a certain amount of time to make a decision?",Please tell us your gender.,"Please tell us your age by typing in numbers. If you prefer not to respond, please type in the number 999.",Have you completed a study on eyewitness identification before?,Did that study ask you to make an idenification from a lineup?,Have you seen the video you saw in this study before?,Q156 - Topics
"{""ImportId"":""startDate"",""timeZone"":""America/Denver""}","{""ImportId"":""endDate"",""timeZone"":""America/Denver""}","{""ImportId"":""status""}","{""ImportId"":""ipAddress""}","{""ImportId"":""progress""}","{""ImportId"":""duration""}","{""ImportId"":""finished""}","{""ImportId"":""recordedDate"",""timeZone"":""America/Denver""}","{""ImportId"":""_recordId""}","{""ImportId"":""recipientLastName""}","{""ImportId"":""recipientFirstName""}","{""ImportId"":""recipientEmail""}","{""ImportId"":""externalDataReference""}","{""ImportId"":""locationLatitude""}","{""ImportId"":""locationLongitude""}","{""ImportId"":""distributionChannel""}","{""ImportId"":""userLanguage""}","{""ImportId"":""QID4""}","{""ImportId"":""QID26_FIRST_CLICK""}","{""ImportId"":""QID26_LAST_CLICK""}","{""ImportId"":""QID26_PAGE_SUBMIT""}","{""ImportId"":""QID26_CLICK_COUNT""}","{""ImportId"":""QID28_FIRST_CLICK""}","{""ImportId"":""QID28_LAST_CLICK""}","{""ImportId"":""QID28_PAGE_SUBMIT""}","{""ImportId"":""QID28_CLICK_COUNT""}","{""ImportId"":""QID30_FIRST_CLICK""}","{""ImportId"":""QID30_LAST_CLICK""}","{""ImportId"":""QID30_PAGE_SUBMIT""}","{""ImportId"":""QID30_CLICK_COUNT""}","{""ImportId"":""QID32_FIRST_CLICK""}","{""ImportId"":""QID32_LAST_CLICK""}","{""ImportId"":""QID32_PAGE_SUBMIT""}","{""ImportId"":""QID32_CLICK_COUNT""}","{""ImportId"":""QID49_FIRST_CLICK""}","{""ImportId"":""QID49_LAST_CLICK""}","{""ImportId"":""QID49_PAGE_SUBMIT""}","{""ImportId"":""QID49_CLICK_COUNT""}","{""ImportId"":""QID190_TEXT""}","{""ImportId"":""QID194_TEXT""}","{""ImportId"":""QID193_TEXT""}","{""ImportId"":""QID192_TEXT""}","{""ImportId"":""QID191_TEXT""}","{""ImportId"":""QID225_TEXT""}","{""ImportId"":""QID226_TEXT""}","{""ImportId"":""QID228_TEXT""}","{""ImportId"":""QID229_TEXT""}","{""ImportId"":""QID230_TEXT""}","{""ImportId"":""QID231_TEXT""}","{""ImportId"":""QID232_TEXT""}","{""ImportId"":""QID34""}","{""ImportId"":""QID35_FIRST_CLICK""}","{""ImportId"":""QID35_LAST_CLICK""}","{""ImportId"":""QID35_PAGE_SUBMIT""}","{""ImportId"":""QID35_CLICK_COUNT""}","{""ImportId"":""QID44""}","{""ImportId"":""QID45_FIRST_CLICK""}","{""ImportId"":""QID45_LAST_CLICK""}","{""ImportId"":""QID45_PAGE_SUBMIT""}","{""ImportId"":""QID45_CLICK_COUNT""}","{""ImportId"":""QID40""}","{""ImportId"":""QID41_FIRST_CLICK""}","{""ImportId"":""QID41_LAST_CLICK""}","{""ImportId"":""QID41_PAGE_SUBMIT""}","{""ImportId"":""QID41_CLICK_COUNT""}","{""ImportId"":""QID43""}","{""ImportId"":""QID47_FIRST_CLICK""}","{""ImportId"":""QID47_LAST_CLICK""}","{""ImportId"":""QID47_PAGE_SUBMIT""}","{""ImportId"":""QID47_CLICK_COUNT""}","{""ImportId"":""QID169_FIRST_CLICK""}","{""ImportId"":""QID169_LAST_CLICK""}","{""ImportId"":""QID169_PAGE_SUBMIT""}","{""ImportId"":""QID169_CLICK_COUNT""}","{""ImportId"":""QID165_1""}","{""ImportId"":""QID165_2""}","{""ImportId"":""QID165_3""}","{""ImportId"":""QID19_TEXT""}","{""ImportId"":""QID18_1""}","{""ImportId"":""QID195_TEXT""}","{""ImportId"":""QID196_TEXT""}","{""ImportId"":""QID197_TEXT""}","{""ImportId"":""QID198_TEXT""}","{""ImportId"":""QID199_TEXT""}","{""ImportId"":""QID200_TEXT""}","{""ImportId"":""QID201_TEXT""}","{""ImportId"":""QID202_TEXT""}","{""ImportId"":""QID203_TEXT""}","{""ImportId"":""QID204_TEXT""}","{""ImportId"":""QID205_TEXT""}","{""ImportId"":""QID206_TEXT""}","{""ImportId"":""QID207_TEXT""}","{""ImportId"":""QID208_TEXT""}","{""ImportId"":""QID209_TEXT""}","{""ImportId"":""QID210_TEXT""}","{""ImportId"":""QID211_TEXT""}","{""ImportId"":""QID212_TEXT""}","{""ImportId"":""QID213_TEXT""}","{""ImportId"":""QID214_TEXT""}","{""ImportId"":""QID235_FIRST_CLICK""}","{""ImportId"":""QID235_LAST_CLICK""}","{""ImportId"":""QID235_PAGE_SUBMIT""}","{""ImportId"":""QID235_CLICK_COUNT""}","{""ImportId"":""QID11""}","{""ImportId"":""QID12""}","{""ImportId"":""QID153""}","{""ImportId"":""QID154""}","{""ImportId"":""QID155""}","{""ImportId"":""QID156""}","{""ImportId"":""QID13""}","{""ImportId"":""QID14_TEXT""}","{""ImportId"":""QID237""}","{""ImportId"":""QID238""}","{""ImportId"":""QID239""}","{""ImportId"":""QID202_TEXT_2c65f11697fc4ae08ce74f7bTopics""}"
2019-01-16 08:50:15,2019-01-16 08:51:15,1,,100,59,1,2019-01-16 08:51:15,R_ph4kJwXzTDM8U9P,,,,,55.9499969482421875,-3.1999969482421875,preview,EN,,0,0,1.223,0,,,,,,,,,,,,,0,0,10.095,0,,,,,,,,,,,,,6,4.212,4.598,5.317,2,,,,,,,,,,,,,,,,4.702,4.918,10.04,2,,,,,,,,,,,,,,,,,,,,,,,,,,,,,,4,2,2,1,2,1,4,,,,,
2019-01-16 09:28:57,2019-01-16 09:33:30,1,,100,272,1,2019-01-16 09:33:30,R_2ZDoLXhOKlsiHIh,,,,,55.9499969482421875,-3.1999969482421875,preview,EN,,,,,,,,,,,,,,0,0,45.93,0,3.21,25.815,30.098,9,,,,,,,,,,,,,,,,,,,,,,,7,7.566,7.566,9.761,1,,,,,,,,,,,,,,,,,,,,,,,,,,,,,,,,,,,,,,,3,4,2,1,1,2,2,582,,,,
2019-01-16 09:35:01,2019-01-16 09:37:00,1,,100,118,1,2019-01-16 09:37:00,R_yOO7R7dQG6qpBWF,,,,,55.9499969482421875,-3.1999969482421875,preview,EN,3,,,,,,,,,0,0,0.798,0,,,,,19.606,21.461,30.199,5,,,,,,,,,,,,,7,2.035,2.035,6.974,1,,,,,,,,,,,,,,,,,,,,,,,very,38,,,,,,,,,,,,,,,,,,,,,,,,,1,2,2,1,2,1,2,,,,,
2019-01-16 10:05:39,2019-01-16 10:08:28,1,,100,169,1,2019-01-16 10:08:28,R_1j8nTlFR2O7K8jI,,,,,55.9499969482421875,-3.1999969482421875,preview,EN,3,,,,,21.662,21.662,45.877,1,,,,,,,,,3.797,29.323,30.043,5,yes,1,blue,blue,,,,,,,,,,,,,,,,,,,,,,,,6,2.936,2.936,4.7,1,,,,,,,,I am quite confident,59,,,,,,,,,,,,,,,,,,,,,,,,,1,1,2,1,2,1,2,,,,,
2019-01-21 00:52:25,2019-01-21 00:52:54,1,,100,29,1,2019-01-21 00:52:55,R_RObTiEPxg4V3NWp,,,,,55.9521026611328125,-3.196502685546875,preview,EN,4,,,,,,,,,,,,,,,,,,,,,,,,,,,,,,,,,,,,,,,,,,,,,,,,,,,,,,,,,,,,,,,,,,,,,,,,,,,,,,,,,,,,,,,,,,,,,,,,,
2019-01-21 01:00:14,2019-01-21 01:19:05,1,,100,1131,1,2019-01-21 01:19:05,R_1Du3NH40Ey4e9NR,,,,,55.9521026611328125,-3.196502685546875,preview,EN,3,,,,,,,,,8.124,9.085,218.41,2,,,,,0,0,30.018,0,,,,,,,,,,,,,,,,,,5,5.99,7.597,8.474,2,,,,,,,,,,,,,,,,,,dsfa,90,,,,,,,,,,,,,,,,,,,,,,,,,,,,,,,,,,,,
2019-01-29 06:52:20,2019-01-29 06:57:52,1,,100,331,1,2019-01-29 06:57:53,R_T7PggxhGBYqkKRj,,,,,55.8321990966796875,-4.257598876953125,preview,EN,3,,,,,,,,,0,0,32.565,0,,,,,3.793,24.031,30.007,5,yes,none,blue,blue,,,,,,,,,7,5.516,5.516,7.383,1,,,,,,,,,,,,,,,,2.318,113.827,120.107,25,Iminfiebfie,kjwebnfiwebfiwe,iebfiwebfiewhrbf,kjh,57,,,,,,,,,,,,,,,,,,,,,,,,,3,4,1,1,1,2,2,24,,,,
2019-02-14 03:45:53,2019-02-14 03:45:56,1,,100,3,1,2019-02-14 03:45:57,R_ZxTBxOA50LGHehz,,,,,55.9521026611328125,-3.196502685546875,preview,EN,4,,,,,,,,,,,,,,,,,,,,,,,,,,,,,,,,,,,,,,,,,,,,,,,,,,,,,,,,,,,,,,,,,,,,,,,,,,,,,,,,,,,,,,,,,,,,,,,,,
2019-02-14 06:28:07,2019-02-14 06:48:13,1,,100,1205,1,2019-02-14 06:48:13,R_1r6OByiWISRkHnd,,,,,55.9488983154296875,-3.1631927490234375,preview,EN,3,,,,,0,0,53.348,0,,,,,,,,,3.039,62.914,120.008,7,,,,5454gg,6,,,,,,,4,,,,,,,,,,,,,,,,7,6.037,6.037,8.436,1,2.017,116.631,120.006,24,fr,fff,rfrfrfrf,very,45,,,,,,,,,,,,,,,,,,,,,,,,,3,,,,,,2,,,,,
2019-02-14 06:05:49,2019-02-15 04:28:31,1,,100,80562,1,2019-02-15 04:28:32,R_25znMDYgOmIMfdH,,,,,55.9488983154296875,-3.1631927490234375,preview,EN,3,0,0,34.613,0,,,,,,,,,,,,,24.794,90.303,121.23,6,,,,,,,,,,,,,,,,,,5,2.517,4.754,6.181,2,,,,,,,,,,,,,,,,,,Very,81,,,,,,,,,,,,,,,,,,,,,18.919,113.145,120.094,10,3,4,1,1,1,1,2,999,,,,
2019-02-15 05:09:27,2019-02-15 06:01:10,1,,100,3102,1,2019-02-15 06:01:10,R_3R1o1qrev1DisCD,,,,,55.9488983154296875,-3.1631927490234375,preview,EN,3,,,,,,,,,0,0,271.44,0,,,,,0,0,121.707,0,,,,,,,,,,,,,,,,,,5,3.525,3.525,4.884,1,,,,,,,,,,,,,,,,,,,,,,,,,,,,,,,,,,,,,,,,9.61,10.628,121.007,3,,,,,,,,,1,,,
2019-02-15 04:43:15,2019-02-15 04:47:24,0,31.127.150.50,96,248,0,2019-02-15 08:47:31,R_1ruj1R7z6SyIucB,,,,,,,anonymous,EN,3,0,0,34.784,0,,,,,,,,,,,,,1.689,116.866,120.007,10,yes,1,blue,blue,2,3,10,white and blue,1,no,,,6,4.499,4.499,6.287,1,,,,,,,,,,,,,,,,,,,,,,,"very ",100,,,,,,,,,,,,,,,,,,,,,,,,,3,,,,,,,,,,,
2019-02-15 09:46:55,2019-02-15 09:48:24,0,98.202.33.154,9,88,0,2019-02-15 13:48:27,R_2fpIDnlwR5DNUos,,,,,,,anonymous,EN,3,,,,,,,,,,,,,,,,,,,,,,,,,,,,,,,,,,,,,,,,,,,,,,,,,,,,,,,,,,,,,,,,,,,,,,,,,,,,,,,,,,,,,,,,,,,,,,,,,
2019-02-15 09:48:42,2019-02-15 09:48:49,8,98.202.33.154,9,6,0,2019-02-15 13:48:52,R_1re2pRqql9eI9OO,,,,,,,anonymous,EN,3,,,,,,,,,,,,,,,,,,,,,,,,,,,,,,,,,,,,,,,,,,,,,,,,,,,,,,,,,,,,,,,,,,,,,,,,,,,,,,,,,,,,,,,,,,,,,,,,,
2019-02-15 09:49:10,2019-02-15 09:49:16,8,98.202.33.154,9,5,0,2019-02-15 13:49:17,R_3MKmnYxuJ7hyMnS,,,,,,,anonymous,EN,3,,,,,,,,,,,,,,,,,,,,,,,,,,,,,,,,,,,,,,,,,,,,,,,,,,,,,,,,,,,,,,,,,,,,,,,,,,,,,,,,,,,,,,,,,,,,,,,,,
2019-02-15 10:02:03,2019-02-15 10:02:40,0,73.54.150.182,9,37,0,2019-02-15 14:02:41,R_x5bsn3OOzxRakLf,,,,,,,anonymous,EN,3,,,,,,,,,,,,,,,,,,,,,,,,,,,,,,,,,,,,,,,,,,,,,,,,,,,,,,,,,,,,,,,,,,,,,,,,,,,,,,,,,,,,,,,,,,,,,,,,,
2019-02-15 21:13:18,2019-02-15 21:13:36,0,174.28.50.141,9,18,0,2019-02-16 01:13:38,R_29iwybI7zk98owY,,,,,,,anonymous,EN,3,,,,,,,,,,,,,,,,,,,,,,,,,,,,,,,,,,,,,,,,,,,,,,,,,,,,,,,,,,,,,,,,,,,,,,,,,,,,,,,,,,,,,,,,,,,,,,,,,
2019-02-16 18:12:56,2019-02-16 18:18:20,0,143.177.57.185,100,324,1,2019-02-16 18:18:20,R_3HG3P6qRT92D6C8,,,,,51.4595947265625,5.4781951904296875,anonymous,EN,3,,,,,0,0,45.995,0,,,,,,,,,3.566,115.778,120.008,6,yes,1,blue,blue,3,3,12,blue/white,,,,,,,,,,,,,,,7,18.339,18.339,19.407,1,,,,,,,,,,,,,Not that confident actually,20,,,,,,,,,,,,,,,,,,,,,,,,,3,4,1,1,2,2,1,18,2,,,
2019-02-28 10:39:40,2019-02-28 10:45:45,0,66.18.52.185,100,364,1,2019-02-28 10:45:45,R_3qjJBlkQBF2VyHM,,,,,35.027801513671875,-85.1461029052734375,anonymous,EN,3,6.311,36.857,37.943,8,,,,,,,,,,,,,1.988,118.264,120.115,51,Yes,One,Blue,,,,,,,,,,6,4.125,9.14,9.766,7,,,,,,,,,,,,,,,,,,,,,,,Very,100,,,,,,,,,,,,,,,,,,,,,,,,,3,4,1,1,1,1,2,49,2,,,
2019-02-28 11:12:02,2019-02-28 11:19:55,0,98.247.71.10,100,472,1,2019-02-28 11:19:55,R_10AgOmhmU9mVLAW,,,,,47.8061065673828125,-122.37239837646484375,anonymous,EN,3,,,,,,,,,6.097,41.892,43.136,16,,,,,1.125,119.776,120.091,51,Yes,1,Blue,Blue,,,,,,,,,7,3.546,8.946,9.701,4,,,,,,,,,,,,,,,,,,,,,,,5/10,50,2,Green,Pink,,,,,,,,,,,,,,,,,,1.65,120.068,120.109,56,3,4,2,1,2,2,2,27,2,,,
2019-02-28 11:24:47,2019-02-28 11:31:14,0,80.2.9.100,100,387,1,2019-02-28 11:31:14,R_3QLx8f0iY6sk4nk,,,,,52.9647979736328125,-1.21319580078125,anonymous,EN,3,5.494,32.648,36.806,9,,,,,,,,,,,,,7.617,112.924,120.064,79,Yes,1,Blue,Blue,,6,,,0,No,"Yellow with red spots ",8,,,,,,7,5.059,6.844,7.722,4,,,,,,,,,,,5.701,38.835,120.158,9,Did not see face straight on,All looked similar,No clothes,70%,71,,,,,,,,,,,,,,,,,,,,,,,,,2,4,2,1,2,2,2,30,2,,,
2019-02-28 11:28:55,2019-02-28 11:36:37,0,86.143.178.104,100,462,1,2019-02-28 11:36:38,R_1K2wS4X3vCqZyR4,,,,,55.016693115234375,-6.6667022705078125,anonymous,EN,3,4.201,84.404,85.104,6,,,,,,,,,,,,,1.607,114.594,120.061,36,No,1,Blue,Blue,4,3,16,,,,,,6,1.05,9.884,10.32,5,,,,,,,,,,,,,,,,,,,,,,,"Very confidant, within a reasonable degree of doubt",90,,,,,,,,,,,,,,,,,,,,,,,,,3,4,2,1,2,2,2,999,2,,,
2019-02-28 11:56:03,2019-02-28 12:11:19,0,166.216.159.189,100,916,1,2019-02-28 12:11:19,R_24pfFveoQ7eRlie,,,,,41.5016937255859375,-81.69300079345703125,anonymous,EN,3,11.791,33.007,34.753,23,,,,,,,,,,,,,10.198,118.389,120.02,46,Yes,One,Blue,Blue,1,2,3,,,,,,,,,,,4,7.6,10.764,12.041,4,,,,,,,,,,,,,,,,,,Not very because my eyes are bad and I couldn’t zoom in,92,1,Black,I don’t see them,None,Lots,10,None,Blue,,,,,,,,,,,,,12.545,118.109,120.031,34,2,4,2,1,2,2,2,999,2,,,Unknown
2019-02-28 12:16:47,2019-02-28 12:25:16,0,208.185.35.226,100,509,1,2019-02-28 12:25:16,R_21dD4Ewn3rqm03F,,,,,38.7953033447265625,-95.22760009765625,anonymous,EN,3,0,0,34.045,0,,,,,,,,,,,,,20.527,118.359,120.008,10,Yes,One,Blue,Blue,3,3,11,Blue/White,,Np,,,7,13.212,13.212,15.265,1,,,,,,,,,,,,,,,,2.44,69.16,120.079,5,"I remember the clothes mostly, and seeing only their faces was difficult.","I do not remember his particular hair color. ","All the men in the lineup looked similar. ","I am very confident that my decision is accurate. Although I do not remember his exact face, I feel that I definitely would have been able to pick him out of the lineup had he been there. ",90,,,,,,,,,,,,,,,,,,,,,,,,,3,4,2,1,1,1,1,20,2,,,
2019-02-28 12:25:50,2019-02-28 12:33:46,0,75.71.145.4,100,475,1,2019-02-28 12:33:46,R_27fyKRAz5P49tUB,,,,,38.28790283203125,-104.58480072021484375,anonymous,EN,3,,,,,,,,,2.246,18.006,33.437,4,,,,,2.536,118.271,120.109,25,There are two men with a red and white bathing suit. One has a mustache and the other does not.,One,Blue,There is a blue one and a red one,,,,,,,,,,,,,,5,9.643,11.206,12.187,4,,,,,,,,,,,8.238,81.654,120.13,12,Too much time elapsed,"All men looked fairly similar ","Possibly being ","Fairly confident. The criminal had a very distinctive and large nose. ",90,,,,,,,,,,,,,,,,,,,,,,,,,3,4,2,2,2,2,2,44,2,,,
2019-02-28 13:54:11,2019-02-28 13:54:35,0,5.107.83.123,100,24,1,2019-02-28 13:54:36,R_3EPWP0DY2Im1KTD,,,,,25.3572998046875,55.4033050537109375,anonymous,EN,4,,,,,,,,,,,,,,,,,,,,,,,,,,,,,,,,,,,,,,,,,,,,,,,,,,,,,,,,,,,,,,,,,,,,,,,,,,,,,,,,,,,,,,,,,,,,,,,,,
2019-02-28 11:12:11,2019-02-28 11:12:48,0,67.59.52.186,9,37,0,2019-02-28 15:13:21,R_vBpukqLrIYamLjr,,,,,,,anonymous,EN,3,,,,,,,,,,,,,,,,,,,,,,,,,,,,,,,,,,,,,,,,,,,,,,,,,,,,,,,,,,,,,,,,,,,,,,,,,,,,,,,,,,,,,,,,,,,,,,,,,
2019-02-28 11:24:12,2019-02-28 11:25:07,0,23.16.165.183,9,55,0,2019-02-28 15:25:10,R_2CUQmPYnISubFi8,,,,,,,anonymous,EN,3,,,,,,,,,,,,,,,,,,,,,,,,,,,,,,,,,,,,,,,,,,,,,,,,,,,,,,,,,,,,,,,,,,,,,,,,,,,,,,,,,,,,,,,,,,,,,,,,,
2019-02-28 15:25:43,2019-02-28 15:31:09,0,73.190.184.40,100,325,1,2019-02-28 15:31:09,R_bfJobl4GqrKEWA1,,,,,36.0319976806640625,-83.80210113525390625,anonymous,EN,3,,,,,7.304,50.773,51.475,17,,,,,,,,,5.401,116.057,120.025,55,Yes,1,Blue,Blue,3,3,"I can't even tell ",Red and white,,,,,,,,,,,,,,,,,,,,7,12.669,22.651,23.138,8,,,,,,,,"Not very confident. ",50,,,,,,,,,,,,,,,,,,,,,,,,,4,4,2,1,1,2,4,40,2,,,
2019-02-28 11:39:05,2019-02-28 11:39:48,0,92.39.186.144,9,43,0,2019-02-28 15:39:50,R_2XpJ3Khs7kiDhzU,,,,,,,anonymous,EN,3,,,,,,,,,,,,,,,,,,,,,,,,,,,,,,,,,,,,,,,,,,,,,,,,,,,,,,,,,,,,,,,,,,,,,,,,,,,,,,,,,,,,,,,,,,,,,,,,,
2019-02-28 11:40:20,2019-02-28 11:40:30,8,92.39.186.144,9,9,0,2019-02-28 15:40:51,R_9EMVsswv3O1hUch,,,,,,,anonymous,EN,3,,,,,,,,,,,,,,,,,,,,,,,,,,,,,,,,,,,,,,,,,,,,,,,,,,,,,,,,,,,,,,,,,,,,,,,,,,,,,,,,,,,,,,,,,,,,,,,,,
2019-02-28 12:22:04,2019-02-28 12:25:44,0,75.71.145.4,27,220,0,2019-02-28 16:26:15,R_SK7HLRm1D5hO6lj,,,,,,,anonymous,EN,3,7.211,10.406,45.855,4,,,,,,,,,,,,,21.698,119.952,120.11,13,Yhere are 2 men with a red and white bathing suit. One has a mustache and the other does not.,,,,,,,,,,,,,,,,,,,,,,,,,,,,,,,,,,,,,,,,,,,,,,,,,,,,,,,,,,,,,,,,,,,,,,,,,,,,
2019-02-28 17:44:22,2019-02-28 17:52:24,0,50.117.142.34,100,481,1,2019-02-28 17:52:24,R_2rTIEwumjbkD7AB,,,,,60.716094970703125,-135.0536956787109375,anonymous,EN,3,,,,,3.367,5.454,45.539,2,,,,,,,,,3.802,116.644,120.114,55,Yes,1,Blue,Blue,3,3,5,Striped,2,No,,,,,,,,,,,,,,,,,,7,8.13,11.6,12.785,4,,,,,,,,"There was 1 I thought could be the guy from the video but was not confident enough to choose him as the ""criminal""",50,3,Yellow,Brown,4,3,3,1,Blue,,,,,,,,,,,,,11.301,119.53,120.059,55,3,4,2,1,1,2,2,30,2,,,Unknown
2019-02-28 15:10:39,2019-02-28 15:12:01,0,172.58.21.255,13,81,0,2019-02-28 19:12:16,R_sXpnLgC7kIrUgdb,,,,,,,anonymous,EN,3,,,,,,,,,,,,,3.806,35.659,37.097,13,,,,,,,,,,,,,,,,,,,,,,,,,,,,,,,,,,,,,,,,,,,,,,,,,,,,,,,,,,,,,,,,,,,,,,,,,,,,,,,,,
2019-02-28 16:01:16,2019-02-28 16:02:14,0,37.228.235.108,9,57,0,2019-02-28 20:02:36,R_3gN0eFPiQq5KgTS,,,,,,,anonymous,EN,3,,,,,,,,,,,,,,,,,,,,,,,,,,,,,,,,,,,,,,,,,,,,,,,,,,,,,,,,,,,,,,,,,,,,,,,,,,,,,,,,,,,,,,,,,,,,,,,,,
2019-02-28 17:25:47,2019-02-28 17:26:09,0,108.233.248.89,9,21,0,2019-02-28 21:26:16,R_27V9NSY25eiuGWd,,,,,,,anonymous,EN,3,,,,,,,,,,,,,,,,,,,,,,,,,,,,,,,,,,,,,,,,,,,,,,,,,,,,,,,,,,,,,,,,,,,,,,,,,,,,,,,,,,,,,,,,,,,,,,,,,
2019-02-28 17:26:35,2019-02-28 17:27:18,8,108.233.248.89,9,42,0,2019-02-28 21:27:45,R_24LWtdyF7QdiE8P,,,,,,,anonymous,EN,3,,,,,,,,,,,,,,,,,,,,,,,,,,,,,,,,,,,,,,,,,,,,,,,,,,,,,,,,,,,,,,,,,,,,,,,,,,,,,,,,,,,,,,,,,,,,,,,,,
2019-02-28 17:42:25,2019-02-28 17:44:22,0,50.117.142.34,9,117,0,2019-02-28 21:44:44,R_3oMxIikLJap3OuX,,,,,,,anonymous,EN,3,,,,,,,,,,,,,,,,,,,,,,,,,,,,,,,,,,,,,,,,,,,,,,,,,,,,,,,,,,,,,,,,,,,,,,,,,,,,,,,,,,,,,,,,,,,,,,,,,
2019-03-01 18:43:44,2019-03-01 18:52:13,0,73.246.55.15,100,509,1,2019-03-01 18:52:14,R_1o5aPPuZqrYDE5o,,,,,42.4647979736328125,-88.1177978515625,anonymous,EN,3,,,,,,,,,,,,,26.009,48.796,49.336,6,4.748,118.952,120.222,57,Yes,Alot,Blue,Blue,1,7,8,,,,,,,,,,,,,,,,,,,,,3,11.01,23.016,23.809,9,,,,,,,,Not very,50,4,Yellow,Blue brown and red,,9,11,,Blue,,,,,,,,,,,,,7.319,117.065,120.122,42,4,4,2,1,2,1,2,46,2,,,Unknown
2019-03-01 18:38:17,2019-03-01 18:38:38,0,174.194.33.228,9,21,0,2019-03-01 22:38:40,R_2qaVwG7IZxPqnJG,,,,,,,anonymous,EN,3,,,,,,,,,,,,,,,,,,,,,,,,,,,,,,,,,,,,,,,,,,,,,,,,,,,,,,,,,,,,,,,,,,,,,,,,,,,,,,,,,,,,,,,,,,,,,,,,,
2019-03-04 04:58:48,2019-03-04 04:59:31,0,61.6.233.13,9,42,0,2019-03-04 09:00:03,R_1C3YyP0cIcdJWS0,,,,,,,anonymous,EN,3,,,,,,,,,,,,,,,,,,,,,,,,,,,,,,,,,,,,,,,,,,,,,,,,,,,,,,,,,,,,,,,,,,,,,,,,,,,,,,,,,,,,,,,,,,,,,,,,,
2019-03-08 04:56:08,2019-03-08 05:13:27,0,95.151.255.139,100,1038,1,2019-03-08 05:13:27,R_2CrZmn01fxgXqNk,,,,,55.8708038330078125,-4.305694580078125,anonymous,EN,3,,,,,,,,,0,0,38.841,0,,,,,4.607,105.663,120.053,12,Yes,One,,Blue,One,Two,,,,,,,7,5.477,8.81,9.864,3,,,,,,,,,,,,,,,,2.135,111.721,120.016,7,"All photos had similar hairstyles, but didn't match the suspect","All photos had similar jawlines, but didn't match the suspect",I made a leap of logic when none of the faces seemed familiar.,"I would say I'm about 70% certain in my decision, as none of the faces jumped out at me as being a close enough match to the video, although I usually second-guess my answers and make leaps of logic where the reasoning might be less than sound.",70,,,,,,,,,,,,,,,,,,,,,,,,,3,1,2,1,1,2,1,28,2,,,
2019-03-08 06:44:04,2019-03-08 06:49:39,0,82.10.150.215,100,335,1,2019-03-08 06:49:39,R_2CBpN5H5wrBRkqK,,,,,50.72210693359375,-1.7841949462890625,anonymous,EN,3,,,,,,,,,2.715,34.327,41.091,4,,,,,2.368,119.11,120.128,73,Yes,1,Blue,Blue,2,3,7,Blue and white,,,,,,,,,,5,7.367,13.311,14.62,4,,,,,,,,,,,,,,,,,,"Not very confident at all. 4/10 ",35,,,,,,,,,,,,,,,,,,,,,,,,,3,4,2,1,1,2,2,24,2,,,
2019-03-08 05:02:16,2019-03-08 05:03:22,0,82.32.104.124,11,65,0,2019-03-08 09:04:12,R_1kNQNcVpGxaEEhw,,,,,,,anonymous,EN,3,,,,,,,,,4.469,29.921,32.303,18,,,,,,,,,,,,,,,,,,,,,,,,,,,,,,,,,,,,,,,,,,,,,,,,,,,,,,,,,,,,,,,,,,,,,,,,,,,,,,,,,,,,,
2019-03-08 05:06:10,2019-03-08 05:06:28,0,90.254.141.153,1,17,0,2019-03-08 09:06:34,R_3g1L6uFuoL037jK,,,,,,,anonymous,EN,3,,,,,,,,,,,,,,,,,,,,,,,,,,,,,,,,,,,,,,,,,,,,,,,,,,,,,,,,,,,,,,,,,,,,,,,,,,,,,,,,,,,,,,,,,,,,,,,,,
2019-03-08 10:28:50,2019-03-08 10:38:34,0,82.132.230.171,100,583,1,2019-03-08 10:38:34,R_1Id8GY152RBFUE5,,,,,51.49639892578125,-0.122406005859375,anonymous,EN,3,,,,,2.641,47.897,48.675,4,,,,,,,,,5.257,77.364,120.029,52,Yes,4,Blue,Blue,2,3,,,,,,,,,,,,,,,,,7,3.952,5.779,6.274,4,,,,,,,,,,,,,Very,62,3,Brown,Red,3,6,,,,,,,,,,,,,,,,20.749,119.439,120.128,41,3,4,2,1,2,2,2,25,2,,,
2019-03-08 06:43:02,2019-03-08 06:43:54,0,82.10.150.215,9,51,0,2019-03-08 10:44:52,R_PtcKhZ5bWHSoO5z,,,,,,,anonymous,EN,3,,,,,,,,,,,,,,,,,,,,,,,,,,,,,,,,,,,,,,,,,,,,,,,,,,,,,,,,,,,,,,,,,,,,,,,,,,,,,,,,,,,,,,,,,,,,,,,,,
2019-03-08 10:52:51,2019-03-08 10:58:34,0,82.33.133.196,100,342,1,2019-03-08 10:58:34,R_1GKCK2SYgM0j77q,,,,,55.942901611328125,-3.285003662109375,anonymous,EN,3,,,,,,,,,5.929,14.898,40.999,5,,,,,6.402,100.183,120.215,26,Yes,One,Blue,Blue,Two,Three,,,,,,,,,,,,5,10.345,13.91,14.686,4,,,,,,,,,,,,,,,,,,Very confident,90,,,,,,,,,,,,,,,,,,,,,,,,,3,4,2,1,1,2,1,34,2,,,
2019-03-08 13:16:52,2019-03-08 13:38:48,0,109.158.117.230,100,1316,1,2019-03-08 13:38:49,R_daN44Iv5XinC0pj,,,,,54.7852935791015625,-1.3592071533203125,anonymous,EN,3,,,,,,,,,0,0,39.889,0,,,,,8.878,105.481,120.009,6,yes,3,blue,blue,3,2,,,,,,,7,10.141,10.141,12.449,1,,,,,,,,,,,,,,,,39.685,112.82,120.108,4,did not reconise,clothing differant,"hair ",fairley,71,,,,,,,,,,,,,,,,,,,,,,,,,3,4,2,1,1,1,1,56,2,,,
2019-03-08 11:39:56,2019-03-08 11:40:54,0,86.149.48.232,9,58,0,2019-03-08 15:41:01,R_3PMgyJL9Qe3xRHx,,,,,,,anonymous,EN,3,,,,,,,,,,,,,,,,,,,,,,,,,,,,,,,,,,,,,,,,,,,,,,,,,,,,,,,,,,,,,,,,,,,,,,,,,,,,,,,,,,,,,,,,,,,,,,,,,
2019-03-08 11:41:37,2019-03-08 11:42:55,0,86.149.48.232,13,78,0,2019-03-08 15:43:37,R_1FCAaRbUDIfUKBF,,,,,,,anonymous,EN,3,9.374,31.02,32.91,32,,,,,,,,,,,,,,,,,,,,,,,,,,,,,,,,,,,,,,,,,,,,,,,,,,,,,,,,,,,,,,,,,,,,,,,,,,,,,,,,,,,,,,,,,,,,,
2019-03-09 05:31:26,2019-03-09 05:31:36,0,82.132.217.46,9,9,0,2019-03-09 09:32:29,R_21HZmOikSxvTaTB,,,,,,,anonymous,EN,3,,,,,,,,,,,,,,,,,,,,,,,,,,,,,,,,,,,,,,,,,,,,,,,,,,,,,,,,,,,,,,,,,,,,,,,,,,,,,,,,,,,,,,,,,,,,,,,,,
2019-03-09 05:31:44,2019-03-09 05:31:52,8,82.132.217.46,9,7,0,2019-03-09 09:32:31,R_241c8kh9QY6e8gS,,,,,,,anonymous,EN,3,,,,,,,,,,,,,,,,,,,,,,,,,,,,,,,,,,,,,,,,,,,,,,,,,,,,,,,,,,,,,,,,,,,,,,,,,,,,,,,,,,,,,,,,,,,,,,,,,
2019-03-10 04:10:57,2019-03-10 04:15:12,0,86.175.118.255,9,255,0,2019-03-10 08:15:24,R_3rTGBjAJb1Rp787,,,,,,,anonymous,EN,3,,,,,,,,,,,,,,,,,,,,,,,,,,,,,,,,,,,,,,,,,,,,,,,,,,,,,,,,,,,,,,,,,,,,,,,,,,,,,,,,,,,,,,,,,,,,,,,,,
2019-03-10 12:38:41,2019-03-10 12:53:57,0,86.175.118.255,100,915,1,2019-03-10 12:53:57,R_2AHEezKzRK6rHNk,,,,,51.393402099609375,-2.3240966796875,anonymous,EN,3,43.377,43.377,44.524,1,,,,,,,,,,,,,27.248,104.016,120.009,12,yes,4,blue,red,,3,,,,,,,,,,,,1,40.983,50.973,53.131,3,,,,,,,,,,,16.849,61.251,120.106,3,All looked very similar,Did not pay much attention to his face,,"Not very confident at all. All of the people in the line up looked very similar. It proves to me that I am not very observant and that you can not simply rely on memory. It is quite daunting to think that if I get it wrong somebody may be falsely accused of something they did not do and equally, somebody who did break the law may get away with it.",10,,,,,,,,,,,,,,,,,,,,,,,,,3,4,1,1,1,1,2,51,2,,,
2019-03-10 09:58:58,2019-03-10 09:59:19,0,86.175.118.255,9,21,0,2019-03-10 13:59:43,R_2bNW3DFsZDVSj7X,,,,,,,anonymous,EN,3,,,,,,,,,,,,,,,,,,,,,,,,,,,,,,,,,,,,,,,,,,,,,,,,,,,,,,,,,,,,,,,,,,,,,,,,,,,,,,,,,,,,,,,,,,,,,,,,,
2019-03-11 01:34:08,2019-03-11 01:35:51,0,86.175.118.255,9,103,0,2019-03-11 05:35:58,R_3QQvfnVQdJ61ycp,,,,,,,anonymous,EN,3,,,,,,,,,,,,,,,,,,,,,,,,,,,,,,,,,,,,,,,,,,,,,,,,,,,,,,,,,,,,,,,,,,,,,,,,,,,,,,,,,,,,,,,,,,,,,,,,,
2019-03-11 09:47:50,2019-03-11 09:48:46,0,92.233.10.182,9,55,0,2019-03-11 13:48:58,R_AGQusLvKzD87JqV,,,,,,,anonymous,EN,3,,,,,,,,,,,,,,,,,,,,,,,,,,,,,,,,,,,,,,,,,,,,,,,,,,,,,,,,,,,,,,,,,,,,,,,,,,,,,,,,,,,,,,,,,,,,,,,,,
2019-03-13 04:45:21,2019-03-13 05:03:12,0,86.175.118.255,100,1071,1,2019-03-13 05:03:12,R_2S1Yg4atfdu9mI7,,,,,51.393402099609375,-2.3240966796875,anonymous,EN,3,,,,,58.779,58.779,62.7,1,,,,,,,,,9.798,113.482,120.012,15,yes,One,blue,blue,two,three,,,,,,,,,,,,,,,,,,,,,,7,7.938,29.328,30.879,4,,,,,,,,Nervously confident,50,one,yellow,brown,four,,,,,,,,,,,,,,,,,8.327,115.288,120.19,13,3,4,2,1,1,2,1,54,2,,,
2019-03-21 05:02:53,2019-03-21 05:09:43,0,146.199.153.58,100,409,1,2019-03-21 05:09:43,R_24p9M81VbRFw2t1,,,,,55.9521026611328125,-3.196502685546875,anonymous,EN,3,,,,,,,,,,,,,0,0,41.838,0,3.886,101.999,120.007,10,yes,1,blue,blue,2,3,20,blue and white,,,,,,,,,,,,,,,7,16.811,16.811,19.115,1,,,,,,,,,,,,,Fairly confident,80,,,,,,,,,,,,,,,,,,,,,,,,,3,4,2,1,1,2,2,25,1,2,2,
2019-03-29 16:25:38,2019-03-29 16:39:44,0,77.99.21.220,100,846,1,2019-03-29 16:39:45,R_33CqscuP7McBdkW,,,,,51.31939697265625,-2.202606201171875,anonymous,EN,3,,,,,,,,,0,0,44.367,0,,,,,7.913,110.397,120.047,14,yes,1,blue,blue,1,3,,,,,,,,,,,,5,8.1,16.959,20.001,3,,,,,,,,,,,,,,,,,,I am 90% sure,90,3,green,brown,4,5,,,,,,,,,,,,,,,,19.099,118.692,120.08,13,3,4,2,1,1,2,1,30,2,,,
2019-03-29 17:21:36,2019-03-29 17:26:39,0,77.99.21.220,100,303,1,2019-03-29 17:26:40,R_1nO3nrXw9wzVOlk,,,,,51.31939697265625,-2.202606201171875,anonymous,EN,3,,,,,6.384,43.856,44.301,12,,,,,,,,,2.2,112.861,120.129,82,Yes,1,White," Blue ",2,3,,,,,,,,,,,,,,,,,7,1.233,20.034,21.019,10,,,,,,,,,,,,,Ok,39,,,,,,,,,,,,,,,,,,,,,,,,,3,4,2,2,2,2,2,36,2,,,
2019-03-29 15:49:13,2019-03-29 17:13:36,0,77.99.21.220,1,5063,0,2019-03-29 21:14:15,R_3J7M5Pz9G6YGXst,,,,,,,anonymous,EN,3,,,,,,,,,,,,,,,,,,,,,,,,,,,,,,,,,,,,,,,,,,,,,,,,,,,,,,,,,,,,,,,,,,,,,,,,,,,,,,,,,,,,,,,,,,,,,,,,,
2019-03-29 17:13:55,2019-03-29 17:14:25,0,77.99.21.220,9,30,0,2019-03-29 21:15:18,R_3s5QDfDhdJzSf4F,,,,,,,anonymous,EN,3,,,,,,,,,,,,,,,,,,,,,,,,,,,,,,,,,,,,,,,,,,,,,,,,,,,,,,,,,,,,,,,,,,,,,,,,,,,,,,,,,,,,,,,,,,,,,,,,,
2019-03-29 17:14:47,2019-03-29 17:18:25,0,77.99.21.220,27,218,0,2019-03-29 21:18:30,R_3Jh34iOBufouSgO,,,,,,,anonymous,EN,3,,,,,1.423,49.457,50.341,6,,,,,,,,,1.184,116.044,120.135,58,Yes,1,,,,,,,,,,,,,,,,,,,,,,,,,,,,,,,,,,,,,,,,,,,,,,,,,,,,,,,,,,,,,,,,,,,,,,,,,,,
2019-03-29 17:18:25,2019-03-29 17:18:34,8,77.99.21.220,9,9,0,2019-03-29 21:19:26,R_1OwrLUzD0CDarCi,,,,,,,anonymous,EN,3,,,,,,,,,,,,,,,,,,,,,,,,,,,,,,,,,,,,,,,,,,,,,,,,,,,,,,,,,,,,,,,,,,,,,,,,,,,,,,,,,,,,,,,,,,,,,,,,,
2019-04-10 13:16:15,2019-04-10 13:32:22,0,90.196.39.125,100,966,1,2019-04-10 13:32:22,R_3GdCWKGDfMB4niz,,,,,55.830596923828125,-4.2592926025390625,anonymous,EN,3,,,,,0,0,47.327,0,,,,,,,,,5.913,65.596,120.11,5,yes,1,,BLUE,3,2,,,,,,,,,,,,,,,,,3,23.737,25.8,29.798,2,,,,,,10.122,10.122,120.006,1,I did not get the chance to look straight on at the individual,The hair cut was distinctive - perhaps the facial features were not correct,I cannot be certain - the face was familiar but maybe not for the crime,"70%? It was the only individual from the line up that looked correct - however again that was largely based on the hair style, which, as a changeable feature, makes me doubt my decision.",70,,,,,,,,,,,,,,,,,,,,,,,,,3,4,2,1,1,2,2,28,2,,,
2019-05-07 12:37:51,2019-05-07 12:49:59,0,89.212.31.211,100,728,1,2019-05-07 12:50:00,R_3QWBI2D84J2nXz5,,,,,46.05029296875,14.5045928955078125,anonymous,EN,3,,,,,,,,,9.774,9.774,37.346,1,,,,,8.45,104.539,120.008,8,yes,1,blue,red,2,2,,,,,,,7,30.309,30.309,31.147,1,,,,,,,,,,,,,,,,7.769,7.769,120.006,1,different background,did not see the clothes of the suspects,,"not very confident. I am 60% sure that criminal was not in the lineup, and 40% sure one suspect was the criminal",60,,,,,,,,,,,,,,,,,,,,,,,,,3,4,2,1,1,2,1,21,2,,,
2019-05-07 11:10:03,2019-05-07 11:10:34,0,2.100.95.98,1,31,0,2019-05-07 15:10:47,R_1Lpz6EaaYPhzVtR,,,,,,,anonymous,EN,3,,,,,,,,,,,,,,,,,,,,,,,,,,,,,,,,,,,,,,,,,,,,,,,,,,,,,,,,,,,,,,,,,,,,,,,,,,,,,,,,,,,,,,,,,,,,,,,,,
2019-05-07 11:22:58,2019-05-07 11:23:26,0,131.104.23.3,9,27,0,2019-05-07 15:23:28,R_3fjzq0gnxlIA3cj,,,,,,,anonymous,EN,3,,,,,,,,,,,,,,,,,,,,,,,,,,,,,,,,,,,,,,,,,,,,,,,,,,,,,,,,,,,,,,,,,,,,,,,,,,,,,,,,,,,,,,,,,,,,,,,,,
2019-05-07 12:07:59,2019-05-07 12:08:15,0,173.186.128.90,9,16,0,2019-05-07 16:08:21,R_2uK80QtqL9faubr,,,,,,,anonymous,EN,3,,,,,,,,,,,,,,,,,,,,,,,,,,,,,,,,,,,,,,,,,,,,,,,,,,,,,,,,,,,,,,,,,,,,,,,,,,,,,,,,,,,,,,,,,,,,,,,,,
2019-05-07 12:24:00,2019-05-07 12:24:31,0,89.238.154.167,9,31,0,2019-05-07 16:25:25,R_pAksaBvn1nQu2lj,,,,,,,anonymous,EN,3,,,,,,,,,,,,,,,,,,,,,,,,,,,,,,,,,,,,,,,,,,,,,,,,,,,,,,,,,,,,,,,,,,,,,,,,,,,,,,,,,,,,,,,,,,,,,,,,,
2019-05-07 12:43:51,2019-05-07 12:44:03,0,188.210.11.72,1,11,0,2019-05-07 16:44:48,R_3JFsUHXTqd1G7su,,,,,,,anonymous,EN,3,,,,,,,,,,,,,,,,,,,,,,,,,,,,,,,,,,,,,,,,,,,,,,,,,,,,,,,,,,,,,,,,,,,,,,,,,,,,,,,,,,,,,,,,,,,,,,,,,
2019-05-07 12:51:35,2019-05-07 12:52:01,0,89.212.31.211,9,25,0,2019-05-07 16:52:22,R_2uGBZXtITYKKrpT,,,,,,,anonymous,EN,3,,,,,,,,,,,,,,,,,,,,,,,,,,,,,,,,,,,,,,,,,,,,,,,,,,,,,,,,,,,,,,,,,,,,,,,,,,,,,,,,,,,,,,,,,,,,,,,,,
2019-05-08 14:43:50,2019-05-08 15:12:56,0,81.244.154.130,100,1746,1,2019-05-08 15:12:56,R_2YmqpFCmPKncCUZ,,,,,51.0469970703125,3.7205963134765625,anonymous,EN,3,,,,,,,,,0,0,37.425,0,,,,,6.873,107.313,120.04,6,yes,one,,,,,,,,,,,,,,,,5,22.684,26.605,33.176,2,,,,,,,,,,,,,,,,,,"Not so confident, maybe like 30%",30,,,,,,,,,,,,,,,,,,,,wally's on the top left corner of the picture bitches,53.057,65.886,121.272,8,3,4,2,1,1,1,1,19,2,,,
2019-05-08 17:28:55,2019-05-08 17:36:27,0,75.164.192.41,100,452,1,2019-05-08 17:36:28,R_2S31vwwA7q0sP3l,,,,,45.5653076171875,-122.64479827880859375,anonymous,EN,3,0,0,36.232,0,,,,,,,,,,,,,5.24,118.255,120.111,13,yes,4,blue,blue,5,3,17,red and white,,,,,,,,,,7,12.74,13.374,13.852,2,,,,,,,,,,,,,,,,,,"I am moderately confident. There was only one option that was even remotely a possibility, but since I mainly observed the person in the video in profile, I was not confident that the futures that I noticed in the individual in the video were consistent with the photo that was a possibility in my mind. ",65,,,,,,,,,,,,,,,,,,,,,,,,,3,4,2,1,1,2,1,28,1,2,2,
2019-05-08 14:43:13,2019-05-08 14:43:50,0,81.244.154.130,9,36,0,2019-05-08 18:44:09,R_3EupYjoVUSIsbxu,,,,,,,anonymous,EN,3,,,,,,,,,,,,,,,,,,,,,,,,,,,,,,,,,,,,,,,,,,,,,,,,,,,,,,,,,,,,,,,,,,,,,,,,,,,,,,,,,,,,,,,,,,,,,,,,,
2019-05-11 05:19:08,2019-05-11 05:27:09,0,91.119.137.244,100,481,1,2019-05-11 05:27:09,R_3oC15v2gFihwsDE,,,,,48.3527984619140625,15.93060302734375,anonymous,EN,3,,,,,,,,,,,,,0,0,37.903,0,5.21,94.234,120.01,7,Yes,One,,Blue,2,2,,,,,,,,,,,,,,,,,,,,,,6,23.228,23.228,23.991,1,,,,,,,,"No confidence. ",10,,Yellow,Brown or Orange,4,,,1,,3,,,,,,,,,,,,20.014,106.486,120.01,7,3,4,2,2,1,1,2,23,2,,,
2019-05-11 05:35:25,2019-05-11 05:35:31,0,90.253.98.57,9,6,0,2019-05-11 09:35:34,R_vHVkgDVDa5bYqMF,,,,,,,anonymous,EN,3,,,,,,,,,,,,,,,,,,,,,,,,,,,,,,,,,,,,,,,,,,,,,,,,,,,,,,,,,,,,,,,,,,,,,,,,,,,,,,,,,,,,,,,,,,,,,,,,,
2019-05-11 12:33:27,2019-05-11 12:33:51,0,37.228.234.14,9,24,0,2019-05-11 16:33:52,R_aV60Kkwo1r0ykOB,,,,,,,anonymous,EN,3,,,,,,,,,,,,,,,,,,,,,,,,,,,,,,,,,,,,,,,,,,,,,,,,,,,,,,,,,,,,,,,,,,,,,,,,,,,,,,,,,,,,,,,,,,,,,,,,,
2019-05-12 14:01:50,2019-05-12 14:07:20,0,213.32.242.5,100,330,1,2019-05-12 14:07:21,R_1OJFAxOuPpsXBAR,,,,,55.6786041259765625,12.55889892578125,anonymous,EN,3,,,,,0,0,41.544,0,,,,,,,,,6.488,80.583,120.106,10,yes,one,blue,blue,two,three,nine,,,,,,,,,,,,,,,,,,,,,6,11.087,11.087,13.322,1,,,,,,,,"not very ",61,,,,,,,,,,,,,,,,,,,,,,,,,3,1,1,2,2,1,2,24,2,,,
2019-05-12 14:07:07,2019-05-12 14:13:31,0,86.1.132.31,100,384,1,2019-05-12 14:13:32,R_2pXDHYuSEmW77tm,,,,,50.7321014404296875,-1.92340087890625,anonymous,EN,3,,,,,,,,,8.436,48.133,49.259,31,,,,,7.775,93.991,120.005,9,yes,1,blue,blue,3,4,15,,,,,,3,9.888,9.888,11,1,,,,,,,,,,,,,,,,7.864,95.389,122.219,5,because he looked nice,because he seemed to be real,he had nice hair,12,62,,,,,,,,,,,,,,,,,,,,,,,,,2,2,2,1,1,2,1,999,2,,,
2019-05-12 14:40:27,2019-05-12 14:48:16,0,213.124.212.167,100,468,1,2019-05-12 14:48:17,R_3nUE5UIGIeeAgbn,,,,,52.3990936279296875,4.9358062744140625,anonymous,EN,3,,,,,,,,,0,0,35.213,0,,,,,18.225,107.537,120.008,6,yes,1,blue,blue,two,,23,,,,,,,,,,,5,10.94,10.94,12.129,1,,,,,,,,,,,9.35,23.924,121.025,4,different hair cut,person has a twin,assumption that the guy would be included,not that confident anymore,44,,,,,,,,,,,,,,,,,,,,,,,,,3,2,2,1,1,2,2,23,2,,,
2019-05-12 15:21:06,2019-05-12 15:28:55,0,92.206.65.211,100,468,1,2019-05-12 15:28:55,R_3njy3dtJyIl60ml,,,,,52.5442962646484375,13.44140625,anonymous,EN,3,,,,,,,,,,,,,41.128,41.128,42.095,1,6.992,115.428,120.106,23,yes,1,Blue,Blue,4,3,20,,,,,,,,,,,,,,,,,,,,,6,5.135,39.622,41.805,4,,,,,,,,65%,63,,,,,,,,,,,,,,,,,,,,,,,,,3,4,2,1,1,2,2,22,2,,,
2019-05-12 14:06:37,2019-05-12 14:07:22,0,86.1.132.31,9,44,0,2019-05-12 18:07:38,R_3J5b6Cyg7ieymFg,,,,,,,anonymous,EN,3,,,,,,,,,,,,,,,,,,,,,,,,,,,,,,,,,,,,,,,,,,,,,,,,,,,,,,,,,,,,,,,,,,,,,,,,,,,,,,,,,,,,,,,,,,,,,,,,,
2019-05-12 18:10:07,2019-05-12 18:17:41,0,86.12.105.119,100,453,1,2019-05-12 18:17:43,R_3QYrfnftcJbUFlZ,,,,,50.399993896484375,-4.1667022705078125,anonymous,EN,3,1.368,4.48,39.497,4,,,,,,,,,,,,,12.427,110.198,120.017,24,Yes,One,Blue,Blue,Two,Three,12,,,,,,7,14.407,15.126,18.114,2,,,,,,,,,,,,,,,,,,,,,,,Fairly confident but not certain,81,2,"Peach ","Can’t find them, sorry!",,,,,,,,,,,,,,,,,,2.129,107.254,120.138,16,3,4,2,1,1,2,1,24,2,,,
2019-05-12 18:07:28,2019-05-12 18:07:53,0,86.12.105.119,9,25,0,2019-05-12 22:08:32,R_21EZb234wcsmDRN,,,,,,,anonymous,EN,3,,,,,,,,,,,,,,,,,,,,,,,,,,,,,,,,,,,,,,,,,,,,,,,,,,,,,,,,,,,,,,,,,,,,,,,,,,,,,,,,,,,,,,,,,,,,,,,,,
2019-05-12 18:08:23,2019-05-12 18:08:35,8,86.12.105.119,9,11,0,2019-05-12 22:08:35,R_1FJ4r58RcqBf3ce,,,,,,,anonymous,EN,3,,,,,,,,,,,,,,,,,,,,,,,,,,,,,,,,,,,,,,,,,,,,,,,,,,,,,,,,,,,,,,,,,,,,,,,,,,,,,,,,,,,,,,,,,,,,,,,,,
2019-05-12 18:08:57,2019-05-12 18:09:51,0,86.12.105.119,11,54,0,2019-05-12 22:10:12,R_2Y3WutUw3brUOu8,,,,,,,anonymous,EN,3,,,,,0.923,1.439,45.877,2,,,,,,,,,,,,,,,,,,,,,,,,,,,,,,,,,,,,,,,,,,,,,,,,,,,,,,,,,,,,,,,,,,,,,,,,,,,,,,,,,,,,,,,,,
2019-05-12 19:11:01,2019-05-12 19:18:42,0,179.176.64.21,99,461,0,2019-05-12 23:19:27,R_1dxXdfujiOwDSY0,,,,,,,anonymous,EN,3,,,,,,,,,,,,,7.354,40.217,41.065,14,4.202,115.349,120.163,32,Yes,1,Blue,Blue,3,3,8,,,,,,,,,,,,,,,,7,9.564,14.601,15.641,3,,,,,,,,,,,,,About ~85% the criminal isn't there,85,,,,,,,,,,,,,,,,,,,,,,,,,4,4,2,1,2,2,1,18,2,,,
2019-05-12 23:44:37,2019-05-12 23:53:16,0,110.28.162.14,100,519,1,2019-05-12 23:53:17,R_12PZ8oDZYsei3zi,,,,,25.0478057861328125,121.53179931640625,anonymous,EN,3,,,,,0,0,48.254,0,,,,,,,,,5.058,112.478,120.115,12,yes,1,blue,blue,3,4,,,,,,,,,,,,,,,,,,,,,,7,15.855,15.855,16.637,1,,,,,,,,no so sure,60,3?,white,orange,5,5,1,,,,,,,,,,,,,,,17.052,112.469,120.011,7,4,4,2,2,1,1,1,25,2,,,
2019-05-13 02:15:14,2019-05-13 02:27:35,0,213.124.162.176,100,740,1,2019-05-13 02:27:41,R_12m2VFJy2OSGD3p,,,,,51.8195953369140625,5.8665008544921875,anonymous,EN,3,,,,,,,,,11.774,38.039,39.167,2,,,,,5.07,113.086,120.013,17,Yes,,,Blue,4,,17,Blue and white,,,,,7,5.929,41.146,41.935,10,,,,,,,,,,,,,,,,3.796,71.671,121.911,5,Didn't exacty remember the face of the criminal,Too many faces which looked like the criminal,I am not an expert,"Not at all confident. Doubted between 2 and 5, they looked the most like the criminal. The other 4 were absolutely not the criminal",70,,,,,,,,,,,,,,,,,,,,,,,,,4,4,2,1,1,2,1,25,2,,,
2019-05-14 08:42:11,2019-05-14 08:53:59,0,80.112.175.89,100,708,1,2019-05-14 08:54:00,R_1rAJYJFWBQfwZL3,,,,,52.3094940185546875,4.8773040771484375,anonymous,EN,3,,,,,,,,,,,,,5.157,39.254,41.156,15,3.88,119.995,120.047,46,Yes,1,White,Red,2,2,9,,,,,,,,,,,,,,,,,,,,,6,13.867,79.002,80.369,7,,,,,,,,"Not that much, I thought I remembered the face quite accurately, however seeing the person from the side and only having a weird cutout image from the front was really confusing. First I was tempted to say person 2, but then I thought person 6 looked more like him, or none of them. But that's probably the trick, if he's not there you convince yourself it's the one that looks like him most... ",56,3,Green,Brown,5,7,,,,,,,,,,,,,,,,2.278,119.634,120.017,28,3,4,2,1,1,2,1,22,2,,,
2019-05-14 16:13:36,2019-05-14 16:18:26,0,62.251.75.51,100,290,1,2019-05-14 16:18:26,R_3hsCo0kXy7cGxaT,,,,,51.4084930419921875,6.0326995849609375,anonymous,EN,3,0,0,36.637,0,,,,,,,,,,,,,16.893,118.757,120.11,26,yes,1,,blue,1,3,2,blue-white,2,,,,6,1.451,7.381,9.654,6,,,,,,,,,,,,,,,,,,,,,,,Really confident,80,,,,,,,,,,,,,,,,,,,,,,,,,3,4,2,1,1,2,1,27,2,,,
2019-05-14 13:24:23,2019-05-14 13:24:31,0,208.102.123.7,9,7,0,2019-05-14 17:24:46,R_2SDkDpmRIh8EgI5,,,,,,,anonymous,EN,3,,,,,,,,,,,,,,,,,,,,,,,,,,,,,,,,,,,,,,,,,,,,,,,,,,,,,,,,,,,,,,,,,,,,,,,,,,,,,,,,,,,,,,,,,,,,,,,,,
2019-05-14 13:23:52,2019-05-14 13:24:52,0,208.102.123.7,11,60,0,2019-05-14 17:25:00,R_2R9AdIXdJQBnGWy,,,,,,,anonymous,EN,3,1.669,15.538,46.156,21,,,,,,,,,,,,,,,,,,,,,,,,,,,,,,,,,,,,,,,,,,,,,,,,,,,,,,,,,,,,,,,,,,,,,,,,,,,,,,,,,,,,,,,,,,,,,
2019-05-15 06:47:37,2019-05-15 07:05:44,0,81.225.72.13,100,1087,1,2019-05-15 07:05:45,R_2U8XknrXhqmc5X2,,,,,59.6360931396484375,17.07769775390625,anonymous,EN,3,9.87,17.001,65.873,7,,,,,,,,,,,,,3.652,118.891,120.022,47,Yes,1,Blue,Blue,2,3,6,,,,,,,,,,,7,8.505,17.4,18.479,4,,,,,,,,,,,8.801,109.507,120.011,9,Beard can be different,Person can have aged,In the video the person was not looking at me directly,Quite confident that I made the right choice given the clear absence of evidence. But I might have let the culprit get away.,90,,,,,,,,,,,,,,,,,,,,,,,,,3,4,2,1,1,2,1,33,2,,,
2019-05-15 04:54:57,2019-05-15 04:57:00,0,67.82.164.213,12,123,0,2019-05-15 08:57:11,R_3NzgRRuZmRd6Hdm,,,,,,,anonymous,EN,3,,,,,20.89,20.89,37.871,1,,,,,,,,,,,,,,,,,,,,,,,,,,,,,,,,,,,,,,,,,,,,,,,,,,,,,,,,,,,,,,,,,,,,,,,,,,,,,,,,,,,,,,,,,
2019-05-15 10:01:33,2019-05-15 10:12:52,0,88.19.35.0,100,678,1,2019-05-15 10:12:54,R_1kS5oVMNkeSSmQB,,,,,41.11669921875,1.25,anonymous,EN,3,39.076,39.076,40.701,1,,,,,,,,,,,,,5.794,116.628,120.134,16,No,1,Blue,Blue,2,3,4,Bl,,,,,,,,,,7,13.059,14.153,15.029,2,,,,,,,,,,,,,,,,,,"Trying to remember the face of the criminal, I realize I'm not 100% of what he really looked like. However, I also don't think anyone in the lineup resembled the criminal. I think that if I saw him  I'd recognize him. But then again, not 100%.",75,3,Yellow,Brown,5,,,,,,,,,,,,,,,,,26.697,119.279,120.015,7,3,4,2,1,1,2,2,26,2,,,
2019-05-15 07:29:31,2019-05-15 07:30:28,0,216.227.26.176,9,57,0,2019-05-15 11:31:18,R_1hZ3E48m3VuhqhV,,,,,,,anonymous,EN,3,,,,,,,,,,,,,,,,,,,,,,,,,,,,,,,,,,,,,,,,,,,,,,,,,,,,,,,,,,,,,,,,,,,,,,,,,,,,,,,,,,,,,,,,,,,,,,,,,
2019-05-16 07:03:44,2019-05-16 07:14:27,0,95.144.2.64,100,643,1,2019-05-16 07:14:28,R_e3gTulQ16AXYb3H,,,,,55.9510040283203125,-3.19720458984375,anonymous,EN,3,6.082,31.227,61.791,6,,,,,,,,,,,,,1.386,111.358,120.141,3,yes,1,blue,blue,3,3,12,can't see one,0,,,,7,11.853,11.853,18.645,1,,,,,,,,,,,,,,,,3.847,101.973,120.107,7,They mostly have similar features leading to a mistake in my answer,"I could have remembered correctly ","I mostly saw him from the side, so didn't see his whole face clearly","I do think that the 'criminal' may have been in the line up but thought it was one person in particular. I wasn't wholly confident as to whether or not it was him, so said that I didn't think he was there. ",85,,,,,,,,,,,,,,,,,,,,,,,,,3,4,2,1,1,2,1,24,1,1,2,
2019-05-16 07:21:57,2019-05-16 07:23:24,0,93.176.150.13,9,86,0,2019-05-16 11:23:37,R_1q8V3gHcUWDtCBP,,,,,,,anonymous,EN,3,,,,,,,,,,,,,,,,,,,,,,,,,,,,,,,,,,,,,,,,,,,,,,,,,,,,,,,,,,,,,,,,,,,,,,,,,,,,,,,,,,,,,,,,,,,,,,,,,
2019-05-16 07:25:44,2019-05-16 07:26:54,0,93.176.150.13,12,70,0,2019-05-16 11:26:55,R_ugmGr1yQzpJSNfX,,,,,,,anonymous,EN,3,0,0,33.097,0,,,,,,,,,,,,,,,,,,,,,,,,,,,,,,,,,,,,,,,,,,,,,,,,,,,,,,,,,,,,,,,,,,,,,,,,,,,,,,,,,,,,,,,,,,,,,
2019-05-16 07:26:56,2019-05-16 07:31:05,0,93.176.150.13,87,249,0,2019-05-16 11:31:09,R_1KuWcXKXmaqfU9Q,,,,,,,anonymous,EN,3,3.203,7.145,31.301,7,,,,,,,,,,,,,2.432,82.845,120.01,8,Yes,4,Blue,Blue,3,3,,,,,,,,,,,,7,15.2,18.423,19.713,2,,,,,,,,,,,,,,,,,,Not at all,0,,,,,,,,,,,,,,,,,,,,,,,,,,,,,,,,,,,,
2019-05-18 04:35:19,2019-05-18 04:42:24,0,47.145.202.203,100,424,1,2019-05-18 04:42:25,R_3hhFdwE4Oh905Uz,,,,,33.97760009765625,-117.7375030517578125,anonymous,EN,3,,,,,,,,,,,,,0,0,39.963,0,8.9,96.286,120.008,11,Yes,1,,blue,,3,,blue,1,,,,,,,,,,,,,,4,7.664,7.664,8.864,1,,,,,,,,,,,,,Quite confident,90,,Yellow,Brown,4,5,,,Blue,2,,,,,,,,,,,,4.904,101.801,120.007,11,3,4,2,1,1,2,2,18,1,2,2,Unknown
2019-05-19 08:11:40,2019-05-19 08:22:49,0,84.216.45.177,100,669,1,2019-05-19 08:22:50,R_3F4dTL3HIVQHCxj,,,,,59.3307037353515625,18.0717926025390625,anonymous,EN,3,,,,,46.674,46.674,89.296,1,,,,,,,,,6.486,101.454,120.106,10,Yes,One,Cyan,Cyan,10,Three,21,Striped blue and white,,,,,,,,,,,,,,,7,63.959,63.959,66.894,1,,,,,,,,,,,,,"Number three has me guessing, he looks similar but I think the hair on the criminal was a bit different, therefore I do not believe him to be in the lineup.",67,,,,,,,,,,,,,,,,,,,,,,,,,3,4,2,1,1,2,1,28,2,,,
2019-05-20 09:57:16,2019-05-20 10:04:54,0,86.81.153.135,100,458,1,2019-05-20 10:04:55,R_3foR0bdAQz4y1uY,,,,,51.9568939208984375,5.22979736328125,anonymous,EN,3,,,,,,,,,,,,,5.502,32.144,33.269,2,15.027,104.272,120.107,7,no,1,blue,blue,2,3,12,,,,,,,,,,,,,,,,7,6.136,6.136,8.048,1,,,,,,10.58,10.58,131.185,1,,,,Not so confident,10,,,,,,,,,,,,,,,,,,,,,,,,,3,1,2,2,2,1,2,24,2,,,
2019-05-21 05:05:19,2019-05-21 05:17:00,0,101.116.8.60,100,701,1,2019-05-21 05:17:01,R_3Pjbbq20RqZOpW7,,,,,-37.807098388671875,144.95159912109375,anonymous,EN,3,,,,,47.008,47.008,47.828,1,,,,,,,,,4.095,119.787,120.115,9,yes,1,blue,blue,2,3,"lots, i'm pretty sure this is just a distraction task anyway and my answers don't matter :P",,,,,,,,,,,,,,,,,,,,,7,7.982,7.982,9.727,1,,,,,,,,"Not super confident. None stood out to me as being the guy, but I'm not sure. Even less sure now and if you show me another line-up I'll probably be clueless.",31,"2, maybe more",yellow,brown,5,,,lots,,,,,peeking into a changeroom ahahahahha,,,,,,,,,14.366,94.238,120.012,6,3,4,2,1,1,2,2,24,2,,,
2019-05-21 13:08:16,2019-05-21 13:16:34,0,130.209.119.108,100,497,1,2019-05-21 13:16:34,R_8en6SGbRO3edX1v,,,,,55.830596923828125,-4.2592926025390625,anonymous,EN,3,10.3,10.3,32.722,1,,,,,,,,,,,,,10.908,95.468,120.087,10,Yes,1,Blue,Blue,approximately 6,3,,,,,,,6,7.558,11.526,12.499,3,,,,,,,,,,,,,,,,,,,,,,,I'm 90% sure this guy appeared in the previous video,93,,,,,,,,,,,,,,,,,,,,,,,,,3,4,2,2,1,1,2,23,2,,,
2019-05-23 19:09:27,2019-05-23 19:24:01,0,87.250.0.221,100,874,1,2019-05-23 19:24:02,R_2TtL7Fi8RjLiu5j,,,,,56.850006103515625,53.233306884765625,anonymous,EN,3,,,,,,,,,,,,,34.636,34.636,46.667,1,6.933,102.677,120.013,9,Yes,One,,turqoise,,,,,,,,,,,,,,,,,,,,,,,,7,18.264,51.432,52.662,8,11.299,93.576,120.108,8,I doubted in the decision I made firstly,Probably it is him but I have to see him full-height,Don't know,50/50,50,,,,,,,,,,,,,,,,,,,,,,,,,3,4,2,2,2,1,1,24,2,,,
2019-05-25 01:40:25,2019-05-25 01:49:27,0,79.75.19.233,100,541,1,2019-05-25 01:49:28,R_VRzxcxt0nDQU18d,,,,,52.038604736328125,-0.698699951171875,anonymous,EN,3,,,,,,,,,26.185,26.185,31.832,1,,,,,8.755,119.838,120.087,9,no,1,blue,blue,2,1,7,white,,,,,7,2.382,2.382,4.372,1,,,,,,,,,,,,,,,,2.333,32.327,121.939,2,there was no one in the video i watched,it may be that the video did not play - the image did not change at all,,very,100,,,,,,,,,,,,,,,,,,,,,,,,,,,,,,,4,,2,,,
2019-06-27 10:01:22,2019-06-27 10:09:08,0,71.13.30.101,100,466,1,2019-06-27 10:09:09,R_3Ib3BM4cmSu2H97,,,,,43.1322021484375,-89.7389984130859375,anonymous,EN,3,2.597,33.774,34.985,9,,,,,,,,,,,,,3.761,114.911,120.024,48,Yes,4,Blue,Blue,3,3,A lot,Blue and white,,,,,,,,,,1,7.891,8.818,9.925,2,,,,,,,,,,,,,,,,,,"Pretty confident ",81,3,Green,Brown,4,,,,,,,,,,,,,,,,,12.834,95.943,120.024,32,3,4,2,1,1,2,2,22,2,,,
2019-06-27 11:04:26,2019-06-27 11:10:00,0,77.252.45.104,100,333,1,2019-06-27 11:10:04,R_3R1JfjJMaVG0wwo,,,,,52.25030517578125,21.000701904296875,anonymous,EN,3,,,,,,,,,,,,,0,0,39.259,0,13.788,110.305,120.031,9,yes,1,blue,blue,2,2,,,,,,,,,,,,,,,,,,,,,,6,7.301,7.301,9.007,1,,,,,,,,90%,92,,,,,,,,,,,,,,,,,,,,,,,,,4,4,2,1,2,2,4,999,2,,,
2019-06-27 11:23:52,2019-06-27 11:43:27,0,213.249.175.157,100,1175,1,2019-06-27 11:43:27,R_vfwVm3FHb9BEiAN,,,,,53.7693023681640625,-0.2998046875,anonymous,EN,3,,,,,,,,,17.839,48.746,50.534,4,,,,,3.204,111.168,120.236,10,yes,1,,blue,3,,,,,,,,,,,,,5,16.727,18.716,20.713,2,,,,,,,,,,,,,,,,,,"i think my choice was right, though I could not be 100% I think they would always be doubt in my mind unless there was a very distictive feature - ie scar or tatoo",72,3,green,orange,3,2,,,,,,,,,,,,,,,,14.824,117.344,120.119,13,3,4,2,1,1,1,2,35,2,,,
2019-06-27 11:20:21,2019-06-27 11:22:55,0,213.249.175.157,13,154,0,2019-06-27 15:22:56,R_77igRVORp38E6Yx,,,,,,,anonymous,EN,3,,,,,11.434,51.192,53.008,2,,,,,,,,,,,,,,,,,,,,,,,,,,,,,,,,,,,,,,,,,,,,,,,,,,,,,,,,,,,,,,,,,,,,,,,,,,,,,,,,,,,,,,,,,
2019-06-27 14:26:01,2019-06-27 14:27:45,0,50.254.104.241,11,104,0,2019-06-27 18:27:48,R_2wAkeiQC7Jj1H54,,,,,,,anonymous,EN,3,,,,,3.781,52.42,52.899,6,,,,,,,,,,,,,,,,,,,,,,,,,,,,,,,,,,,,,,,,,,,,,,,,,,,,,,,,,,,,,,,,,,,,,,,,,,,,,,,,,,,,,,,,,
2019-06-27 14:27:50,2019-06-27 14:28:00,0,50.254.104.241,9,10,0,2019-06-27 18:28:02,R_2e27T0CHsDLOtdp,,,,,,,anonymous,EN,3,,,,,,,,,,,,,,,,,,,,,,,,,,,,,,,,,,,,,,,,,,,,,,,,,,,,,,,,,,,,,,,,,,,,,,,,,,,,,,,,,,,,,,,,,,,,,,,,,
2019-06-28 04:21:54,2019-06-28 04:29:57,0,129.12.218.129,100,483,1,2019-06-28 04:29:58,R_3QQSKUck4YLsKkn,,,,,51.3065032958984375,1.0366058349609375,anonymous,EN,3,,,,,,,,,,,,,39.634,40.065,41.166,2,13.719,117.912,120.132,14,Yes,1,Blue,Blue,2,,,,,,,,,,,,,,,,,,4,14.618,15.756,17.388,2,,,,,,11.395,119.053,120.182,4,Dint pay attention on how he looked,they all look similar,Judgemental,8 out of 10,80,,,,,,,,,,,,,,,,,,,,,,,,,3,3,2,1,2,2,2,28,2,,,
2019-06-28 09:41:51,2019-06-28 09:47:25,0,185.93.94.171,100,333,1,2019-06-28 09:47:25,R_3KNP0qkNVgxHFWv,,,,,52.25030517578125,21.000701904296875,anonymous,EN,3,,,,,,,,,,,,,38.087,38.087,39.878,1,2.412,105.729,120.01,14,yes,1,,blue,2,,,,,,,,,,,,,,,,,,,,,,,6,6.491,11.281,13.121,2,,,,,,,,90%,90,,,,,,,,,,,,,,,,,,,,,,,,,3,4,2,1,1,1,2,26,2,,,
2019-06-28 19:40:19,2019-06-28 19:40:26,0,31.205.10.191,9,6,0,2019-06-28 23:40:35,R_3n2tRPb4EKT1Rcd,,,,,,,anonymous,EN,3,,,,,,,,,,,,,,,,,,,,,,,,,,,,,,,,,,,,,,,,,,,,,,,,,,,,,,,,,,,,,,,,,,,,,,,,,,,,,,,,,,,,,,,,,,,,,,,,,
2019-06-28 19:39:47,2019-06-28 19:39:56,0,31.205.10.191,9,8,0,2019-06-28 23:40:35,R_1C7LdhyWH70H746,,,,,,,anonymous,EN,3,,,,,,,,,,,,,,,,,,,,,,,,,,,,,,,,,,,,,,,,,,,,,,,,,,,,,,,,,,,,,,,,,,,,,,,,,,,,,,,,,,,,,,,,,,,,,,,,,
2019-06-28 19:40:08,2019-06-28 19:40:19,8,31.205.10.191,9,10,0,2019-06-28 23:40:36,R_3I6PINVAT72aYt4,,,,,,,anonymous,EN,3,,,,,,,,,,,,,,,,,,,,,,,,,,,,,,,,,,,,,,,,,,,,,,,,,,,,,,,,,,,,,,,,,,,,,,,,,,,,,,,,,,,,,,,,,,,,,,,,,
2019-07-02 16:07:22,2019-07-02 16:13:19,0,86.28.87.148,100,356,1,2019-07-02 16:13:22,R_pfPVWfnsvdm40Bb,,,,,53.76629638671875,-1.5695037841796875,anonymous,EN,3,,,,,0.8,3.289,49.602,6,,,,,,,,,2.647,119.858,120.022,53,Yes,1,Blue,Blue,Five,3,18,Blue and white,None,,,,,,,,,,,,,,3,7.218,10.264,11.648,3,,,,,,,,,,,,,Fairly confident pretty sure this looks like the guy I saw,85,,,,,,,,,,,,,,,,,,,,,,,,,3,4,2,1,1,2,1,30,2,,,
2019-07-02 15:59:46,2019-07-02 16:01:37,0,86.28.87.148,12,110,0,2019-07-02 20:01:41,R_2RNSqJAwH21SUiz,,,,,,,anonymous,EN,3,,,,,,,,,1.363,68.183,69.363,7,,,,,,,,,,,,,,,,,,,,,,,,,,,,,,,,,,,,,,,,,,,,,,,,,,,,,,,,,,,,,,,,,,,,,,,,,,,,,,,,,,,,,
2019-07-02 16:01:53,2019-07-02 16:05:32,0,86.28.87.148,62,218,0,2019-07-02 20:06:21,R_3pfKCTKISrV4zfT,,,,,,,anonymous,EN,3,,,,,,,,,1.052,35.568,36.055,33,,,,,4.486,118.052,120.054,37,Yes,One,Blues,Blue,4,Three,18,Blue and white,,,,,7,6.257,7.344,8.219,3,,,,,,,,,,,,,,,,,,,,,,,,,,,,,,,,,,,,,,,,,,,,,,,,,,,,,,,,,,,,
2019-07-03 12:12:44,2019-07-03 12:21:28,0,84.169.210.26,100,524,1,2019-07-03 12:21:29,R_pEtWPBJrYOBvPkB,,,,,49.587493896484375,8.3578033447265625,anonymous,EN,3,1.625,34.497,34.539,30,,,,,,,,,,,,,1.123,119.391,120.153,68,Yes,1,Blue,Blue,2,2,,,,,,,2,0.673,16.403,16.945,14,,,,,,,,,,,,,,,,,,,,,,,I am reasonably sure one of the faces belonged to the person from the video,80,3,Brown,Brown,3,,,,,,,,,,,,,,,,,0.045,114.1,120.111,72,3,1,2,2,1,2,1,20,2,,,
2019-07-09 13:22:11,2019-07-09 14:02:47,0,46.233.116.221,99,2435,0,2019-07-09 18:03:09,R_2BexhXZnR3GiCII,,,,,,,anonymous,EN,3,,,,,32.466,32.466,32.911,1,,,,,,,,,0,0,120.015,0,,,,,,,,,,,,,,,,,,,,,,,,,,,,6,5.376,5.376,10.045,1,,,,,,,,KGUJHGKG,84,,,,,,,,,,,,,,,,,,,,,,,,,1,1,1,1,1,1,1,999,1,1,1,
2019-07-09 13:22:21,2019-07-09 14:05:13,0,46.233.116.221,97,2572,0,2019-07-09 18:05:14,R_aWW4xqkZEqGUtIB,,,,,,,anonymous,EN,3,26.241,30.011,31.09,2,,,,,,,,,,,,,4.64,4.64,120.111,1,,,,,,,,,,,,,,,,,,6,6.28,6.28,7.426,1,,,,,,,,,,,38.092,83.568,120.181,4,EEE,EE,E,YUJYF,51,,,,,,,,,,,,,,,,,,,,,,,,,1,1,1,1,1,1,1,LLL,1,,,
2019-07-09 14:02:51,2019-07-09 14:09:28,0,46.233.116.221,99,396,0,2019-07-09 18:09:38,R_1Fetl69w9lyNVnK,,,,,,,anonymous,EN,3,,,,,,,,,,,,,0,0,43.894,0,51.407,67.686,120.113,2,,,,,,,,,,,,,,,,,,,,,,,,,,,,6,2.001,2.001,2.961,1,1.454,97.92,120.02,5,P,P,P,GEGE,70,,,,,,,,,,,,,,,,,,,,,,,,,4,4,1,2,2,1,3,434,2,,,
2019-07-09 14:05:15,2019-07-09 14:11:38,0,46.233.116.221,93,382,0,2019-07-09 18:12:28,R_20MCvGIwVj2k7KH,,,,,,,anonymous,EN,3,,,,,,,,,,,,,5.183,7.308,54.886,3,14.424,15.451,120.153,2,,,,,,,,,,,,,,,,,,,,,,,5,1.833,1.833,3.582,1,,,,,,,,,,,,,UGK,63,,,,,,,,,,,,,,,,,,,,,0,0,120.098,0,1,1,1,1,1,1,,,,,,
2020-01-27 13:58:53,2020-01-27 14:06:19,0,31.205.2.231,100,446,1,2020-01-27 14:06:19,R_1g6myzQJwE4tKw8,,,,,55.9510040283203125,-3.19720458984375,anonymous,EN,3,,,,,,,,,,,,,42.958,42.958,43.014,1,6.348,118.451,120.02,28,Yes,1,"Blue ",Blue,3,3,18,,,,,,,,,,,,,,,,4,6.453,10.569,11.382,3,,,,,,7.952,72.582,120.01,6,Didn’t show whole body in picture,We saw him mostly from side in video,"They all looked somewhat similar ",About 75%,75,,,,,,,,,,,,,,,,,,,,,,,,,4,4,1,1,1,1,2,21,2,,,
2020-01-27 10:50:16,2020-01-27 10:50:41,0,82.132.219.68,9,25,0,2020-01-27 14:50:44,R_2QuH8MuSQf0F46J,,,,,,,anonymous,EN,3,,,,,,,,,,,,,,,,,,,,,,,,,,,,,,,,,,,,,,,,,,,,,,,,,,,,,,,,,,,,,,,,,,,,,,,,,,,,,,,,,,,,,,,,,,,,,,,,,
2020-01-27 10:50:50,2020-01-27 10:51:01,8,82.132.219.68,9,10,0,2020-01-27 14:51:04,R_2ffK7dahkiBkF06,,,,,,,anonymous,EN,3,,,,,,,,,,,,,,,,,,,,,,,,,,,,,,,,,,,,,,,,,,,,,,,,,,,,,,,,,,,,,,,,,,,,,,,,,,,,,,,,,,,,,,,,,,,,,,,,,
2020-01-27 12:41:06,2020-01-27 12:42:01,0,81.110.221.27,9,55,0,2020-01-27 16:42:53,R_1pPu2fKXurSp6Eu,,,,,,,anonymous,EN,3,,,,,,,,,,,,,,,,,,,,,,,,,,,,,,,,,,,,,,,,,,,,,,,,,,,,,,,,,,,,,,,,,,,,,,,,,,,,,,,,,,,,,,,,,,,,,,,,,
2020-01-27 12:42:03,2020-01-27 12:42:55,8,81.110.221.27,9,51,0,2020-01-27 16:43:37,R_1fm6UbkJYKxZlq1,,,,,,,anonymous,EN,3,,,,,,,,,,,,,,,,,,,,,,,,,,,,,,,,,,,,,,,,,,,,,,,,,,,,,,,,,,,,,,,,,,,,,,,,,,,,,,,,,,,,,,,,,,,,,,,,,
2020-01-27 12:42:55,2020-01-27 12:43:13,8,81.110.221.27,9,18,0,2020-01-27 16:43:52,R_4MIcRs5AQK32K1b,,,,,,,anonymous,EN,3,,,,,,,,,,,,,,,,,,,,,,,,,,,,,,,,,,,,,,,,,,,,,,,,,,,,,,,,,,,,,,,,,,,,,,,,,,,,,,,,,,,,,,,,,,,,,,,,,
2020-01-27 13:57:52,2020-01-27 13:58:25,0,31.205.2.231,9,32,0,2020-01-27 17:59:10,R_1pzA0m73Ez7Bhb2,,,,,,,anonymous,EN,3,,,,,,,,,,,,,,,,,,,,,,,,,,,,,,,,,,,,,,,,,,,,,,,,,,,,,,,,,,,,,,,,,,,,,,,,,,,,,,,,,,,,,,,,,,,,,,,,,
2020-01-28 07:21:16,2020-01-28 07:29:09,0,89.243.164.210,100,472,1,2020-01-28 07:29:09,R_pPE9t0xkcg8YZjP,,,,,55.933502197265625,-3.253997802734375,anonymous,EN,3,,,,,46.736,46.736,49,1,,,,,,,,,8.238,118.517,120.013,15,yes,none,blue,blue,2,3,,,,,,,,,,,,,,,,,5,8.764,15.524,17.674,3,,,,,,,,,,,,,reasonably,86,2,grey?,brown,1,,,,,,,,,,,,,,,,,5.362,119.355,120.016,13,4,4,2,2,1,1,2,999,2,,,
2020-01-28 15:35:15,2020-01-28 15:42:26,0,109.246.2.242,100,430,1,2020-01-28 15:42:26,R_NVi9nh95CW5xGMh,,,,,55.9510040283203125,-3.19720458984375,anonymous,EN,3,,,,,,,,,6.023,11.934,34.901,7,,,,,1.595,113.272,120.022,76,Yes,1,,Blue,4,3,11,,,,,,3,13.173,15.237,16.477,2,,,,,,,,,,,,,,,,,,,,,,,Not sure,48,,,,,,,,,,,,,,,,,,,,,,,,,4,3,2,2,2,2,2,26,2,,,
2020-01-30 06:09:23,2020-01-30 06:19:37,0,149.153.140.8,100,614,1,2020-01-30 06:19:38,R_Rlx2kJxvO8a1fvb,,,,,52.83990478515625,-6.924896240234375,anonymous,EN,3,,,,,0,0,31.015,0,,,,,,,,,30.834,75.601,120.119,18,Yes,1,Blue,Blue,4,3,2,3,2,Yes,,,,,,,,,,,,,,,,,,3,4.45,21.621,22.558,8,7.901,33.282,120.04,5,Looks like,Looks like,Looks like,No confident,49,,,,,,,,,,,,,,,,,,,,,,,,,1,1,1,1,1,1,2,,1,1,1,
2020-01-30 07:16:52,2020-01-30 07:20:36,0,94.119.64.6,100,223,1,2020-01-30 07:20:36,R_sna6zuXK7y5xJwB,,,,,51.50030517578125,-0.1195068359375,anonymous,EN,3,,,,,2.957,30.898,31.25,26,,,,,,,,,3.028,117.3,120.154,33,Yes,One,Blue,Blue,Three,Two,14,Blue and white,One,,,,,,,,,,,,,,7,2.185,4.174,4.679,2,,,,,,,,,,,,,The video didn't work properly so I'm not sure,7,,,,,,,,,,,,,,,,,,,,,,,,,4,1,2,2,2,2,1,21,2,,,
2020-01-30 04:48:19,2020-01-30 04:48:40,0,94.119.64.23,9,20,0,2020-01-30 08:49:10,R_1LtUE5PNsIqOuxc,,,,,,,anonymous,EN,3,,,,,,,,,,,,,,,,,,,,,,,,,,,,,,,,,,,,,,,,,,,,,,,,,,,,,,,,,,,,,,,,,,,,,,,,,,,,,,,,,,,,,,,,,,,,,,,,,
2020-01-30 04:49:01,2020-01-30 04:49:54,0,94.119.64.6,11,53,0,2020-01-30 08:50:04,R_3FRwl3eGek4Xpsm,,,,,,,anonymous,EN,3,,,,,,,,,1.801,17.968,36.117,18,,,,,,,,,,,,,,,,,,,,,,,,,,,,,,,,,,,,,,,,,,,,,,,,,,,,,,,,,,,,,,,,,,,,,,,,,,,,,,,,,,,,,
2020-01-30 04:57:33,2020-01-30 04:57:39,0,149.153.1.40,9,5,0,2020-01-30 08:57:44,R_BYDZLXNTk5qchZT,,,,,,,anonymous,EN,3,,,,,,,,,,,,,,,,,,,,,,,,,,,,,,,,,,,,,,,,,,,,,,,,,,,,,,,,,,,,,,,,,,,,,,,,,,,,,,,,,,,,,,,,,,,,,,,,,
2020-01-30 04:58:11,2020-01-30 04:58:16,8,149.153.1.40,9,5,0,2020-01-30 08:58:23,R_A6BT0i6oGbDA1wJ,,,,,,,anonymous,EN,3,,,,,,,,,,,,,,,,,,,,,,,,,,,,,,,,,,,,,,,,,,,,,,,,,,,,,,,,,,,,,,,,,,,,,,,,,,,,,,,,,,,,,,,,,,,,,,,,,
2020-01-30 04:57:58,2020-01-30 05:01:30,0,149.153.1.40,27,212,0,2020-01-30 09:01:36,R_27JWsguiEvj23HS,,,,,,,anonymous,EN,3,1.342,3.644,37.287,3,,,,,,,,,,,,,2.107,119.719,120.019,32,Yes,1,Blue,Blue,4,2,,,,,,,,,,,,,,,,,,,,,,,,,,,,,,,,,,,,,,,,,,,,,,,,,,,,,,,,,,,,,,,,,,,,,,,
2020-01-30 05:01:39,2020-01-30 05:02:18,0,149.153.1.40,13,39,0,2020-01-30 09:02:20,R_2DZDpxp0YQZXILF,,,,,,,anonymous,EN,3,1.305,30.224,30.711,6,,,,,,,,,,,,,,,,,,,,,,,,,,,,,,,,,,,,,,,,,,,,,,,,,,,,,,,,,,,,,,,,,,,,,,,,,,,,,,,,,,,,,,,,,,,,,
2020-01-30 07:09:25,2020-01-30 07:09:52,0,85.255.233.62,9,26,0,2020-01-30 11:09:52,R_2v2eDKTOx3L7n3K,,,,,,,anonymous,EN,3,,,,,,,,,,,,,,,,,,,,,,,,,,,,,,,,,,,,,,,,,,,,,,,,,,,,,,,,,,,,,,,,,,,,,,,,,,,,,,,,,,,,,,,,,,,,,,,,,
2020-02-01 04:40:18,2020-02-01 04:47:25,0,213.31.113.129,100,426,1,2020-02-01 04:47:25,R_2rdWq9kMBcHJFYZ,,,,,53.3123016357421875,-1.3394012451171875,anonymous,EN,3,,,,,,,,,,,,,0,0,38.214,0,14.222,107.467,120.118,9,Yes,one,I am colour blind! (apologies),It looks light blue to me,tricky again,three,nine,...,,,,,,,,,,,,,,,,,,,,2,6.653,18.261,19.459,2,,,,,,,,"I thought the criminal as little 'fatter' in the face than the one I saw, but I am fairly confident",80,,,,,,,,,,,,,,,,,,,,,0,0,120.11,0,3,4,2,1,2,2,1,26,2,,,
2020-02-01 09:03:16,2020-02-01 09:09:33,0,152.71.207.141,27,377,0,2020-02-01 13:10:04,R_2Qm4ZCTEBFyDl9J,,,,,,,anonymous,EN,3,0,0,33.032,0,,,,,,,,,,,,,2.381,116.723,120.017,11,Yes,1,blue,blue,3,2,10,,,,,,,,,,,,,,,,,,,,,,,,,,,,,,,,,,,,,,,,,,,,,,,,,,,,,,,,,,,,,,,,,,,,,,
2020-02-03 14:36:29,2020-02-03 14:43:20,0,86.17.63.226,100,410,1,2020-02-03 14:43:20,R_1jrctYGglx3ZdPb,,,,,53.694305419921875,-2.6887969970703125,anonymous,EN,3,,,,,,,,,,,,,1.986,2.591,46.632,2,0.504,119.152,120.049,39,yes,1,blue,blue,3,3,7,,,,,,,,,,,,,,,,4,5.711,12.304,13.093,4,,,,,,,,,,,,,"On a scale of 1-10, about a 7",70,3,yellow,brown,4,9,,,,,,,,,,,,,,,,4.653,118.852,120.052,37,4,4,2,2,2,2,2,22,1,1,2,
2020-02-03 15:22:11,2020-02-03 15:27:04,0,193.62.251.24,99,293,0,2020-02-03 19:27:11,R_31RSoWOtUQxojXY,,,,,,,anonymous,EN,3,0,0,32.536,0,,,,,,,,,,,,,18.629,111.356,120.107,8,Yes,3,white,blue,5,2,6,,,,,,7,8.634,8.634,9.52,1,,,,,,,,,,,,,,,,,,,,,,,"Not at all confident ",0,,,,,,,,,,,,,,,,,,,,,,,,,2,4,2,2,2,1,2,22,1,1,2,
2020-02-03 20:45:16,2020-02-03 20:46:13,0,49.49.233.132,13,57,0,2020-02-04 00:46:26,R_3nBpcAar70h3Opt,,,,,,,anonymous,EN,3,1.022,17.679,36.953,9,,,,,,,,,,,,,,,,,,,,,,,,,,,,,,,,,,,,,,,,,,,,,,,,,,,,,,,,,,,,,,,,,,,,,,,,,,,,,,,,,,,,,,,,,,,,,
2020-02-04 08:46:11,2020-02-04 08:52:26,0,82.44.15.99,100,375,1,2020-02-04 08:52:27,R_8e8ovcjpUAO3h4J,,,,,53.3975067138671875,-2.92059326171875,anonymous,EN,3,,,,,,,,,,,,,38.717,40.314,41.352,4,0.494,96.754,127.956,54,Yes,1,Blue,Blue,5,2,5,Green,8,Yes,Yellow,2,,,,,,,,,,,,,,,,6,17.621,19.72,20.53,3,4.571,114.628,120.066,8,Distraction,Bias,Same race bias,10,57,,,,,,,,,,,,,,,,,,,,,,,,,2,2,1,2,2,1,2,21,1,2,2,
2020-02-04 08:45:38,2020-02-04 08:45:44,0,82.44.15.99,9,6,0,2020-02-04 13:20:37,R_tX1xIrZ3cDRKWVX,,,,,,,anonymous,EN,3,,,,,,,,,,,,,,,,,,,,,,,,,,,,,,,,,,,,,,,,,,,,,,,,,,,,,,,,,,,,,,,,,,,,,,,,,,,,,,,,,,,,,,,,,,,,,,,,,
2020-02-04 10:06:50,2020-02-04 10:11:29,0,138.253.244.71,99,278,0,2020-02-04 14:11:35,R_1P75kJnUOPMfgm7,,,,,,,anonymous,EN,3,,,,,,,,,,,,,7.418,7.418,33.567,1,6.01,119.768,120.01,16,yes,1,blue,blue,3,3,12,blue and white,,,,,,,,,,,,,,,4,6.972,7.692,11.353,2,,,,,,,,,,,,,Very confident,90,,,,,,,,,,,,,,,,,,,,,,,,,1,4,2,1,1,2,2,22,1,1,2,
2020-02-14 07:59:57,2020-02-14 08:07:43,0,92.237.6.180,100,465,1,2020-02-14 08:07:44,R_1eDxQwPvCMasHvj,,,,,52.59979248046875,-1.9530029296875,anonymous,EN,3,7.344,36.646,37.313,12,,,,,,,,,,,,,4.511,115.038,120.033,30,Yes,"One ",Blue,Blue,Three,Three,Six,,,,,,,,,,,7,8.746,9,9.671,2,,,,,,,,,,,,,,,,,,"About 40% confident ",38,Two,Yellow,Brown or orange,Three,Six,,,,,,,,,,,,,,,,20.181,101.477,120.146,21,3,4,2,1,1,2,2,24,1,1,2,
2020-02-14 08:02:42,2020-02-14 08:10:41,0,49.49.240.32,100,479,1,2020-02-14 08:10:43,R_1JQk1wPCuYI4Zup,,,,,13.733001708984375,100.48651123046875,anonymous,EN,3,,,,,,,,,,,,,0.457,36.825,37.293,11,2.805,109.027,120.12,27,Yes,4,,,,,,,,,,,,,,,,,,,,,,,,,,1,13.7,17.277,17.685,5,2.34,117.915,120.109,9,"Because he look like feeling nervous ",Look sad,Criminal people always show their faces like they are not criminal so they do like happy faces,He was stolen her money,82,,,,,,,,,,,,,,,,,,,,,,,,,4,2,1,1,1,1,1,21,1,1,1,
2020-02-14 08:49:44,2020-02-14 08:54:26,0,86.0.218.0,100,282,1,2020-02-14 08:54:27,R_2eXS4iqMwUWQ0Kv,,,,,53.1757965087890625,-0.5514984130859375,anonymous,EN,3,,,,,,,,,5.745,40.169,41.518,2,,,,,8.75,108.598,120.015,17,yes,one,white,Blue,3,3,6,,,,,,,,,,,5,4.386,13.25,14.634,3,,,,,,,,,,,,,,,,,,relatively confident,66,,,,,,,,,,,,,,,,,,,,,,,,,4,4,2,1,2,2,2,20,1,1,2,
2020-02-14 09:00:56,2020-02-14 09:07:34,0,194.80.64.29,100,398,1,2020-02-14 09:07:34,R_1F9V7hJCYfn4qof,,,,,50.7201995849609375,-1.880096435546875,anonymous,EN,3,9.173,37.347,38.186,3,,,,,,,,,,,,,5.472,106.887,120.009,16,Yes,1,blue,blue,3,3,,,,,,,7,18.864,21.143,22.228,3,,,,,,,,,,,,,,,,,,,,,,,"not confident ",38,,,,,,,,,,,,,,,,,,,,,32.327,69.223,120.01,2,1,4,2,1,1,1,1,999,2,,,
2020-02-14 09:13:28,2020-02-14 09:20:52,0,82.0.200.152,100,444,1,2020-02-14 09:20:53,R_3EMdFOGOaebXvQj,,,,,52.768096923828125,-1.202606201171875,anonymous,EN,3,0.877,27.961,35.36,22,,,,,,,,,,,,,7.801,110.401,120.152,37,Yes,1,Blue,Theres a red one in the top corner and a man holding a blue one,3 excluding the woman in a red dress,,,,,,,,,,,,,7,6.93,24.95,25.26,9,,,,,,,,,,,1.208,115.597,120.108,13,I am not sure of he was number 5,Time pressure causes you to rush,I wasnt paying enough attention because i didnt know i was going to have to recall his face,Not overly confident there were atleast 3 faces I could rule out but I am not certain,45,,,,,,,,,,,,,,,,,,,,,,,,,3,4,2,1,1,2,2,21,2,,,
2020-02-14 10:09:14,2020-02-14 10:16:58,0,72.200.219.152,100,464,1,2020-02-14 10:16:59,R_1mDZNVh4NlyaA2y,,,,,35.2024993896484375,-97.48349761962890625,anonymous,EN,3,,,,,2.626,48.664,49.279,6,,,,,,,,,11.84,111.944,120.042,29,Yes,One,Blue,Blue,Two,Three,Six,"Blue and white ",,,,,,,,,,,,,,,,,,,,7,4.935,6.203,6.986,2,5.975,95.601,120.095,14,Hair color,Didn’t look long enough,"Angle ","Not entirely confident. Only because I feel I shouldn’t be confident. But I do not think he was in the line up. ",79,,,,,,,,,,,,,,,,,,,,,,,,,4,4,2,1,1,1,2,29,1,1,2,
2020-02-14 07:50:42,2020-02-14 07:50:48,0,94.192.71.116,1,6,0,2020-02-14 11:50:55,R_1Cq1R0fSoICduvI,,,,,,,anonymous,EN,3,,,,,,,,,,,,,,,,,,,,,,,,,,,,,,,,,,,,,,,,,,,,,,,,,,,,,,,,,,,,,,,,,,,,,,,,,,,,,,,,,,,,,,,,,,,,,,,,,
2020-02-14 08:00:16,2020-02-14 08:01:34,0,49.49.240.32,13,78,0,2020-02-14 12:01:51,R_2wRG7zUbJkvq1kE,,,,,,,anonymous,EN,3,,,,,,,,,,,,,1.061,51.325,53.016,18,,,,,,,,,,,,,,,,,,,,,,,,,,,,,,,,,,,,,,,,,,,,,,,,,,,,,,,,,,,,,,,,,,,,,,,,,,,,,,,,,
2020-02-14 12:49:29,2020-02-14 12:54:11,0,51.146.123.205,100,281,1,2020-02-14 12:54:11,R_2tJWDUl2bEx87jD,,,,,51.49639892578125,-0.122406005859375,anonymous,EN,3,,,,,,,,,,,,,0,0,38.353,0,4.767,104.518,120.112,7,yes,1,Blue,Blue,3,3,18,,,,,,,,,,,,,,,,,,,,,7,11.283,11.283,12.283,1,,,,,,,,I am fairly confident he was not there,71,,,,,,,,,,,,,,,,,,,,,,,,,4,4,2,1,1,2,2,23,2,,,
2020-02-14 13:09:45,2020-02-14 13:16:38,0,188.220.223.124,100,413,1,2020-02-14 13:16:38,R_3sBxEuKX5WyBHy4,,,,,52.61810302734375,-1.1804046630859375,anonymous,EN,3,0,0,34.947,0,,,,,,,,,,,,,15.953,105.528,120.112,10,yes,1,blue,blue,1,3,6,,,,,,7,29.927,29.927,30.817,1,,,,,,,,,,,,,,,,,,,,,,,"Not too confident ",30,3,yellow,red,3,6,,,,,,,,,,,,,,,,13.024,109.813,120.01,6,3,4,2,1,1,2,2,22,1,1,1,
2020-02-14 10:08:35,2020-02-14 10:08:57,0,72.200.219.152,9,21,0,2020-02-14 14:09:04,R_2dg0Pzfb6Y9rIqV,,,,,,,anonymous,EN,3,,,,,,,,,,,,,,,,,,,,,,,,,,,,,,,,,,,,,,,,,,,,,,,,,,,,,,,,,,,,,,,,,,,,,,,,,,,,,,,,,,,,,,,,,,,,,,,,,
2020-02-14 13:08:57,2020-02-14 13:09:45,0,188.220.223.124,9,47,0,2020-02-14 17:10:27,R_2QE65V3j0rTAG8i,,,,,,,anonymous,EN,3,,,,,,,,,,,,,,,,,,,,,,,,,,,,,,,,,,,,,,,,,,,,,,,,,,,,,,,,,,,,,,,,,,,,,,,,,,,,,,,,,,,,,,,,,,,,,,,,,
2020-02-15 10:08:45,2020-02-15 10:08:48,0,5.151.181.192,1,3,0,2020-02-15 14:08:58,R_3PB0lPG3miymxA1,,,,,,,anonymous,EN,3,,,,,,,,,,,,,,,,,,,,,,,,,,,,,,,,,,,,,,,,,,,,,,,,,,,,,,,,,,,,,,,,,,,,,,,,,,,,,,,,,,,,,,,,,,,,,,,,,
2020-02-15 10:07:59,2020-02-15 10:08:19,0,5.151.181.192,9,20,0,2020-02-15 14:09:02,R_1ohfHbQdt72g4x0,,,,,,,anonymous,EN,3,,,,,,,,,,,,,,,,,,,,,,,,,,,,,,,,,,,,,,,,,,,,,,,,,,,,,,,,,,,,,,,,,,,,,,,,,,,,,,,,,,,,,,,,,,,,,,,,,
2020-02-29 16:44:27,2020-02-29 16:44:32,0,107.77.235.94,1,4,0,2020-02-29 20:45:05,R_3qQiVhrBHX99zer,,,,,,,anonymous,EN,3,,,,,,,,,,,,,,,,,,,,,,,,,,,,,,,,,,,,,,,,,,,,,,,,,,,,,,,,,,,,,,,,,,,,,,,,,,,,,,,,,,,,,,,,,,,,,,,,,
2020-02-29 21:18:38,2020-02-29 21:25:58,0,24.234.133.8,100,440,1,2020-02-29 21:25:58,R_3fcU9fLxaEEtKxv,,,,,36.058807373046875,-115.31040191650390625,anonymous,EN,3,10.184,34.623,35.859,16,,,,,,,,,,,,,2.681,111.899,120.127,60,yes,1,blue,blue,2,3,,,,,,,6,1.866,8.597,9.551,3,,,,,,,,,,,,,,,,,,,,,,,I am pretty confident in my chose. I chose 6 based off his hair and nose mostly but the face matches my memory,95,6,white,red,3,&,,,,,,,,,,,,,,,,2.347,119.713,120.122,63,3,4,2,1,2,2,2,26,2,,,
2020-02-29 18:47:33,2020-02-29 18:51:28,0,24.141.51.67,82,235,0,2020-02-29 22:51:45,R_3j8tpwcvowSrSyM,,,,,,,anonymous,EN,3,0,0,34.854,0,,,,,,,,,,,,,9.369,101.774,120.107,7,yes,1,blue,blue,3,2,6,,,,,,,,,,,7,23.193,23.193,25.381,1,,,,,,,,,,,,,,,,,,,,,,,,,,,,,,,,,,,,,,,,,,,,,,,,,,,,,,,
2020-03-01 01:04:01,2020-03-01 02:24:53,0,85.76.114.136,100,4852,1,2020-03-01 02:24:53,R_Uu3EFHuLcbjjR3H,,,,,60.208404541015625,25.0337982177734375,anonymous,EN,3,0,0,36.375,0,,,,,,,,,,,,,15.949,119.794,120.018,13,Yes,1,,Blue,,2,,,,,Yellow with red dots,,7,18.092,20.014,21.51,2,,,,,,,,,,,,,,,,,,,,,,,"Around 60/40, 60% sure they are not there",60,,,,,,,,,,,,,,,,,,,,,,,,,3,4,2,1,1,2,2,30,2,,,
2020-03-01 03:14:21,2020-03-01 03:21:44,0,93.143.159.191,100,442,1,2020-03-01 03:21:44,R_1FglmPbaUU8lOMN,,,,,45.54730224609375,18.695098876953125,anonymous,EN,3,,,,,,,,,,,,,46.651,46.651,48.544,1,10.766,94.627,120.153,7,yes,one,blue,blue,two,three,eleven,,,,,,,,,,,,,,,,7,8.48,8.48,9.774,1,,,,,,14.123,92.269,121.171,4,bad memory,bad visibility,bias,very,90,,,,,,,,,,,,,,,,,,,,,,,,,4,4,2,1,1,2,1,38,2,,,
2020-03-01 17:14:51,2020-03-01 17:22:05,0,217.155.249.230,100,434,1,2020-03-01 17:22:05,R_33BXfsd5GSI0SQS,,,,,55.7700042724609375,-4.053497314453125,anonymous,EN,3,,,,,,,,,,,,,0,0,40.203,0,5.765,117.654,120.013,11,yes,1,light blue,light blue,2,3,12,blue / white,,,,,,,,,,,,,,,,,,,,2,10.416,10.416,12.503,1,,,,,,,,60%,60,0,yellow,no idea,4,2,6000,1,,,,,,,,,,,,,,13.264,119.6,120.02,10,3,4,2,1,1,2,1,999,2,,,
